Name,Owner,Category,District
"1. Chegutu ","Govt. ","District Hospital ","Chegutu District "
"2.Mhondoro  ","Govt. ","Rural hospital ","Chegutu District "
"3. Gora ","Govt. ","RHC ","Chegutu District "
"4. Mbuyanehanda ","Govt. ","RHC ","Chegutu District "
"5.Monera RHC ","Govt ","","Chegutu District "
"6. Msengezi ","Govt. ","RHC ","Chegutu District "
"7. Musinami ","Govt. ","RHC ","Chegutu District "
"8. Chegutu  ","Municipality ","Clinic ","Chegutu District "
"9. Chinengundu ","Municipality ","Clinic ","Chegutu District "
"10. Norton Selous ","RDC ","Rural Hospital ","Chegutu District "
"11. Chegutu ","RDC ","Clinic ","Chegutu District "
"12. Chikara  ","RDC ","Clinic ","Chegutu District "
"13. Chivero ","RDC ","Clinic ","Chegutu District "
"14. Dombwe  ","RDC ","Clinic ","Chegutu District "
"15. Katanga Utano ","RDC ","RHC ","Chegutu District "
"16. Mhondoro North ","RDC ","Clinic ","Chegutu District "
"17. Mupawose  ","RDC ","Clinic ","Chegutu District "
"18. Rwizi ","RDC ","Clinic ","Chegutu District "
"19. Sandringham ","RDC ","Clinic ","Chegutu District "
"20. Selous  ","RDC ","Clinic ","Chegutu District "
"21. Watyoka  ","RDC ","Clinic ","Chegutu District "
"22. Cargill ","Industry ","Clinic ","Chegutu District "
"23. David Whitehead ","Industry ","Clinic ","Chegutu District "
"24. Hunyani Pulp & Paper ","Industry ","Clinic ","Chegutu District "
"25. Monedale ","Pvt. ","Clinic ","Chegutu District "
"26. ZMDC ","Mine ","Clinic ","Chegutu District "
"27. Lismore ","RDC ","Clinic ","Chegutu District "
"28. Mafuti ","RDC ","Clinic ","Chegutu District "
"29. Brunswick ","RDC ","Clinic ","Chegutu District "
"1. Karoi ","Govt. ","District Hospital ","Hururungwe District "
"2. Hurungwe ","Govt. ","Rural Hospital ","Hururungwe District "
"3. Mwami ","Govt. ","Rural Hospital ","Hururungwe District "
"4. Chirundu ","Govt. ","RHC ","Hururungwe District "
"5. Chivende ","Govt. ","RHC ","Hururungwe District "
"6. Kasimure ","Govt. ","RHC ","Hururungwe District "
"7. Marongora ","Govt. ","Clinic ","Hururungwe District "
"8. Masanga  ","Govt. ","RHC ","Hururungwe District "
"9. Zvipani ","Govt. ","RHC ","Hururungwe District "
"10 Chinhere ","RDC ","Clinic ","Hururungwe District "
"11. Chundu ","RDC ","Clinic ","Hururungwe District "
"12. Helwin ","RDC ","Clinic ","Hururungwe District "
"13. Hesketh ","RDC ","Clinic ","Hururungwe District "
"14. Kazangarare ","RDC ","Clinic ","Hururungwe District "
"15. Mashongwe ","RDC ","Clinic ","Hururungwe District "
"16. Nyamakate ","RDC ","Clinic ","Hururungwe District "
"17. Nyamhunga ","RDC ","Clinic ","Hururungwe District "
"18. Nyangoma ","RDC ","Clinic ","Hururungwe District "
"19. Tengwe ","RDC ","Clinic ","Hururungwe District "
"20. Dete ","RDC ","RHC ","Hururungwe District "
"21. Chidamoyo ","Mission Hosp. ","Rural Hosp. ","Hururungwe District "
"22. Kapfunde  ","RDC ","Clinic ","Hururungwe District "
"22. Lynx ","Mine ","Clinic ","Hururungwe District "
"23. Karoi Static ","Town Council ","Clinic ","Hururungwe District "
"24. Lanroy  ","Govt. ","Clinic ","Hururungwe District "
"25. Zebra Downs ","Govt. ","Clinic ","Hururungwe District "
"26. ZRP ","Govt. ","Clinic ","Hururungwe District "
"27. Chikangwe ","RDC ","Clinic ","Hururungwe District "
"1. Kadoma ","Govt. ","District Hosp. ","Kadoma District "
"2. Ngezi ","Govt. ","Rural Hosp. ","Kadoma District "
"3. Vere ","Govt. ","Clinic ","Kadoma District "
"4. Nyamatani ","Govt. ","RHC ","Kadoma District "
"5. Nyabango ","Govt. ","RHC ","Kadoma District "
"6. Manyoni ","Govt. ","RHC ","Kadoma District "
"7. Muzvezve ","Govt. ","RHC ","Kadoma District "
"8. Kadoma Prison ","Govt. ","Clinic ","Kadoma District "
"9. Jondale ","Govt. ","RHC ","Kadoma District "
"10. Jompani ","Govt. ","RHC ","Kadoma District "
"11. Geja  ","Govt. ","RHC ","Kadoma District "
"12. Dondoshava ","Govt. ","RHC ","Kadoma District "
". Donaine ","Govt. ","RHC ","Kadoma District "
"14.  Kadoma ZRP ","Govt. ","clinic ","Kadoma District "
"15. Nyaunde ","Govt. ","Clinic ","Kadoma District "
"16. Rimuka (MCH) ","Municipality ","Hosp. ","Kadoma District "
"17.  Rimuka ","Municipality ","Clinic ","Kadoma District "
"18. Chemukute ","Municipality ","Clinic ","Kadoma District "
"19. Ingezi ","Municipality ","Clinic ","Kadoma District "
"20. Warverly ","Municipality ","Clinic ","Kadoma District "
"21. Turf Estate ","RDC ","Clinic ","Kadoma District "
"22. Sanyati ","RDC ","Clinic ","Kadoma District "
"23. Ordof ","RDC ","Clinic ","Kadoma District "
"24. Muuyu ","RDC ","Clinic ","Kadoma District "
"25. Murambwa ","RDC ","Clinic ","Kadoma District "
"26. Manyewe ","RDC ","Clinic ","Kadoma District "
"27. Mafindifindi ","RDC ","Clinic ","Kadoma District "
"28. Chirikiti ","RDC ","Clinic ","Kadoma District "
"29. Chenjiri ","RDC ","Clinic ","Kadoma District "
"30. Bururu ","RDC ","Clinic ","Kadoma District "
"31. Mukarati ","RDC ","Clinic ","Kadoma District "
"32. St. Michaels ","Mission Hosp. ","Rural Hosp. ","Kadoma District "
"33. Sanyati  ","Mission Hosp. ","Rural Hosp. ","Kadoma District "
"34. Dalny Rufaro ","Mine ","Clinic ","Kadoma District "
"35. Venice ","Mine ","Clinic ","Kadoma District "
"36. Golden Valley ","Mine ","Clinic ","Kadoma District "
"37. Eiffel Flats ","Mine ","Clinic ","Kadoma District "
"38. Kadoma Textile  ","Industry ","Clinic ","Kadoma District "
"39. Population Services ","Pvt. ","Clinic ","Kadoma District "
"40. Jairos Jiri ","Pvt. ","Clinic ","Kadoma District "
"41. David Whitehead ","Industry ","Clinic ","Kadoma District "
"42. Battlefields ","Army ","Clinic ","Kadoma District "
"43. Blackmovel ","RDC ","Clinic ","Kadoma District "
"44. Chingondo ","RDC ","Clinic ","Kadoma District "
"45. Twintops ","RDC ","Clinic ","Kadoma District "
"46. Patchway ","RDC ","Clinic ","Kadoma District "
"47. Gavhunga ","RDC ","RHC ","Kadoma District "
"1. Kariba ","Govt. ","District hosp. ","Kariba District "
"2. Gache Gache ","Govt. ","RHC ","Kariba District "
"3. Kanyati ","Govt. ","RHC ","Kariba District "
"4. Mola ","Govt. ","Clinic ","Kariba District "
"5. Chalala ","RDC ","RHC ","Kariba District "
"6. Msapakaruma ","RDC ","Clinic ","Kariba District "
"7. Negande ","Govt. ","Clinic ","Kariba District "
"8. Siakobvu ","Govt. ","Rural Hosp. ","Kariba District "
"9. Mahombekombe ","Town Council ","Clinic ","Kariba District "
"10. Nyamhunga ","Town Council ","Clinic ","Kariba District "
"11. Caribbea Bay ","Pvt. ","Clinic ","Kariba District "
"12. Crocodile  ","Pvt. ","Clinic ","Kariba District "
"1. Chinhoyi ","Govt. ","Provincial Hosp. ","Makonde District "
"2. Chinhoyi Prison ","Prisons ","Clinic ","Makonde District "
"3. Chinhoyi Teachers  ","Higher Education ","Clinic ","Makonde District "
"4. Chihoyi ZRP ","ZRP ","Clinic ","Makonde District "
"5. Kenzamba ","Govt. ","Clinic ","Makonde District "
"6. Murereka ","Govt. ","RHC ","Makonde District "
"7. Zumbara ","Govt. ","RHC ","Makonde District "
"8. Gudubu ","Govt. ","RHC ","Makonde District "
"9. Chikonohono ","Municipality ","Clinic ","Makonde District "
"10. Chinhoyi ","Municipality ","Clinic ","Makonde District "
"11. Doma ","RDC ","Clinic ","Makonde District "
"12. Hombwe ","RDC ","Clinic ","Makonde District "
"13. Kosana ","RDC ","Clinic ","Makonde District "
"14. Matoranjera ","RDC ","Clinic ","Makonde District "
"15. Mukohwe ","RDC ","Clinic ","Makonde District "
"16. Obva ","RDC ","Clinic ","Makonde District "
"17. Umboe ","RDC ","Clinic ","Makonde District "
"18. Godzi ","RDC ","Clinic ","Makonde District "
"19. Runene ","Municipality ","Clinic ","Makonde District "
"20. Mhangura Christian ","Mission Hosp. ","Rural Hosp. ","Makonde District "
"21. C.S.C. ","Industry ","Clinic ","Makonde District "
"22. Chitambo ","Pvt. ","Clinic ","Makonde District "
"23. Shackelton ","Municipality ","Clinic ","Makonde District "
"24. Nyamugomba ","Govt. ","Clinic ","Makonde District "
"25. Green Valley ","Govt. ","Clinic ","Makonde District "
"26. River Ranch ","Govt. ","Clinic ","Makonde District "
"27. Umboe ","RDC ","Clinic ","Makonde District "
"28. Alaska ","Govt. ","Clinic ","Makonde District "
"29. ZPS ","Govt. ","Clinic ","Makonde District "
"30. CSC ","Pvt. ","Clinic ","Makonde District "
"3`1. Sunngdale ","Pvt. ","Clinic ","Makonde District "
"1. Banket ","Govt. ","District Hosp. ","Zvimba District "
"2. Darwedale ","Govt. ","Rural Hosp. ","Zvimba District "
"3. Raffingora ","Govt. ","Rural Hosp. ","Zvimba District "
"4. Zvimba ","Govt. ","Rural Hosp. ","Zvimba District "
"5. Chivhere ","Govt. ","RHC ","Zvimba District "
"6. Gwebi ","Govt. ","RHC ","Zvimba District "
"7. Ziam ","Govt. ","Clinic ","Zvimba District "
"8. Ada Sisi ","RDC ","RHC ","Zvimba District "
"9. Aryshire ","RDC ","Clinic ","Zvimba District "
"10. Chirau ","RDC ","Clinic ","Zvimba District "
"11. Jari ","RDC ","Clinic ","Zvimba District "
"12. Kutama ","RDC ","Clinic ","Zvimba District "
"13. Kuwadzana ","RDC ","Clinic ","Zvimba District "
"14. Madzorera ","RDC ","Clinic ","Zvimba District "
"15. Masiyarwa ","RDC ","Clinic ","Zvimba District "
"16. Mpumbu ","RDC ","Clinic ","Zvimba District "
"17. Mt. Hampden ","RDC ","Clinic ","Zvimba District "
"18. Mutorashanga ","RDC ","Rural Hosp. ","Zvimba District "
"19. Nyabira ","RDC ","Clinic ","Zvimba District "
"20. Tobacco Research B. ","RDC ","Clinic ","Zvimba District "
"21. Trelawney ","RDC ","Clinic ","Zvimba District "
"22. Zowa ","RDC ","Clinic ","Zvimba District "
"23. Dzivarasekwa ","","Clinic RDC ","Zvimba District "
"Extension ","","","Zvimba District "
"24. Father O’Hea ","Mission Hosp. ","Rural Hosp. ","Zvimba District "
"25. Ceasar  ","Mine ","Clinic ","Zvimba District "
"26. Muriel ","Mine ","Clinic ","Zvimba District "
"27. Sutton ","Mine ","Clinic ","Zvimba District "
"28. Vanad ","Mine ","Clinic ","Zvimba District "
"29. Aryshire ","Mine ","Clinic ","Zvimba District "
"30. Crest Breeders ","Industry ","Clinic ","Zvimba District "
"31. Zipam  ","Pvt. ","Clinic ","Zvimba District "
"32. Mapinga ","Govt. ","Clinic ","Zvimba District "
"1. Sadza ","Govt. ","District Hosp. ","Chikomba District "
"2. Chivu ","Govt. ","Rural Hosp. ","Chikomba District "
"3. Nharira ","Govt. ","Rural Hosp. ","Chikomba District "
"4. Mufudziwakanaka ","Govt. ","RHC ","Chikomba District "
"5. Nyamhere ","Govt. ","RHC ","Chikomba District "
"6. Zvamatohwe ","Govt. ","RHC ","Chikomba District "
"7. ZRP ","ZRP ","Clinic ","Chikomba District "
"8. ZPS ","ZPS ","Clinic ","Chikomba District "
"9. Range ","Govt. ","Clinic ","Chikomba District "
"10. Bvumbura ","RDC ","Clinic ","Chikomba District "
"11. Chivhu ","RDC ","Clinic ","Chikomba District "
"12. Gandani ","RDC ","Clinic ","Chikomba District "
"13. Gokomere  ","RDC ","Clinic ","Chikomba District "
"14. Lanchashire ","RDC ","Clinic ","Chikomba District "
"15. Madamombe ","RDC ","Clinic ","Chikomba District "
"16. Manyene/Chambara ","RDC ","Clinic ","Chikomba District "
"17. Masasa ","RDC ","Clinic ","Chikomba District "
"18. Mbiru ","RDC ","Clinic ","Chikomba District "
"19. Mushipe ","RDC ","Clinic ","Chikomba District "
"20. Nhangabvi ","RDC ","Clinic ","Chikomba District "
"21. Murzi ","RDC ","Clinic ","Chikomba District "
"22. Musumba ","RDC ","Clinic  ","Chikomba District "
"23. Mutoro ","RDC ","Clinic ","Chikomba District "
"24. Pokoteke ","RDC ","Clinic ","Chikomba District "
"25. Rutanhire ","RDC ","Clinic ","Chikomba District "
"26. Shumba ","RDC ","Clinic ","Chikomba District "
"27. Unyetu ","RDC ","Clinic ","Chikomba District "
"28. Wazvaremhaka ","RDC ","Clinic ","Chikomba District "
"29. Wishire ","RDC ","Clinic ","Chikomba District "
"30. Daramombe ","Mission ","Clinic ","Chikomba District "
"31. Gandachibvuwa ","Mission ","Rural Hosp. ","Chikomba District "
"32. Mwerahari ","Mission ","Clinic ","Chikomba District "
"1. Makumbe ","Govt. ","District Hosp. ","Goromonzi District "
"2. Chikwaka ","Govt. ","Rural Hosp. ","Goromonzi District "
"3. Bosha ","Govt. ","RHC ","Goromonzi District "
"4. Mwanza ","Govt. ","RHC ","Goromonzi District "
"5. Domboshava ","Govt. ","Clinic ","Goromonzi District "
"6. Rusununguko ","Govt. ","Clinic ","Goromonzi District "
"7. Goromonzi High ","Govt. ","Clinic ","Goromonzi District "
"8. Bromley ","RDC ","Clinic ","Goromonzi District "
"9. Chinamhora ","RDC ","Clinic ","Goromonzi District "
"10. Chinyika ","RDC ","Clinic ","Goromonzi District "
"11. Cranbone ","RDC ","Clinic ","Goromonzi District "
"12. Henry John Rheimer ","RDC ","Clinic ","Goromonzi District "
"13. John Rekin ","RDC ","Clinic ","Goromonzi District "
"14. Kowoyo ","RDC ","Clinic ","Goromonzi District "
"15. Kubatsirana (Acturus) ","Pvt. ","Clinic ","Goromonzi District "
"16. Masukandoro ","Pvt. ","Clinic ","Goromonzi District "
"17. Nyaure ","Pvt ","Clinic ","Goromonzi District "
"18. Pote ","Pvt. ","Clinic ","Goromonzi District "
"19. Rusike ","Pvt ","Clinic ","Goromonzi District "
"20. Ruwa  ","Pvt ","clinic ","Goromonzi District "
"21. Acturus ","Mine ","Clinic ","Goromonzi District "
"22. St Joseph ","Mission ","Clinic ","Goromonzi District "
"23. Ruwa Rehabilitation ","Govt. ","Hospital ","Goromonzi District "
"1. Hwedza ","Govt. ","District Hosp. ","Hwedza District "
"2. Garaba ","Govt. ","RHC ","Hwedza District "
"3. Goneso ","Govt. ","RHC ","Hwedza District "
"4. Goto ","Govt. ","RHC ","Hwedza District "
"5. Gotora ","Govt. ","RHC ","Hwedza District "
"6. Sengezi ","Govt. ","RHC ","Hwedza District "
"7. Chigondo ","RDC ","Clinic ","Hwedza District "
"8. Chikumaiwa ","Govt. ","Clinic ","Hwedza District "
"9. Mukamba ","RDC ","Clinic ","Hwedza District "
"10. Makarara ","RDC ","clinic ","Hwedza District "
"11. Zvidhuri ","RDC ","Clinic ","Hwedza District "
"12. Mt. St. Mary’s ","Mission ","Rural Hosp. ","Hwedza District "
"13. Skimpton ","Govt. ","Clinic ","Hwedza District "
"14. Idube ","Govt. ","Clinic ","Hwedza District "
"15. Garaba ","Govt. ","Clinic ","Hwedza District "
"1. Kotwa ","Govt. ","District Hosp. ","Mudzi District "
"2. Chiunye ","Govt. ","RHC ","Mudzi District "
"3. Gozi ","Govt. ","RHC ","Mudzi District "
"4. Kondo ","Govt. ","RHC ","Mudzi District "
"5. Makaha ","Govt. ","RHC ","Mudzi District "
"6. Masarakufa ","Govt. ","RHC  ","Mudzi District "
"7. Nyamanyoro ","Govt. ","RHC ","Mudzi District "
"8. St. Pius ","RDC ","Clinic ","Mudzi District "
"9. Chisvo ","RDC ","Clinic ","Mudzi District "
"10. Kapotesa ","RDC ","Clinic ","Mudzi District "
"11. Kotwa ","RDC ","Clinic ","Mudzi District "
"12. Masenda ","RDC ","Clinic ","Mudzi District "
"13. Nyamapanda ","RDC ","Clinic ","Mudzi District "
"14. Nyamatawa ","RDC ","Clinic ","Mudzi District "
"15. Nyamukoho ","RDC ","Clinic ","Mudzi District "
"16. Shinga ","RDC ","Clinic ","Mudzi District "
"17. Suswe ","RDC ","Clinic ","Mudzi District "
"18. Chimukoko ","RDC ","Clinic ","Mudzi District "
"19. Chikwizo ","RDC ","Clinic ","Mudzi District "
"20. Dendera ","RDC ","clinic ","Mudzi District "
"21. Nyahuku ","RDC ","Clinic ","Mudzi District "
"1. Murewa  ","Govt. ","District Hosp. ","Murewa District "
"2. Chitate ","Govt. ","RHC ","Murewa District "
"3. Jekwa ","Govt. ","RHC ","Murewa District "
"4. Kadenge ","Govt. ","RHC ","Murewa District "
"5. Madamombe ","Govt. ","RHC ","Murewa District "
"6. Murewa Prison ","Govt. ","Clinic ","Murewa District "
"7. Munamba ","Govt. ","RHC ","Murewa District "
"8. Dandara ","RDC ","Clinic ","Murewa District "
"9. Chitowa I ","RDC ","clinic ","Murewa District "
"10. Chitowa II ","RDC ","Clinic ","Murewa District "
"11. Craiglea ","RDC ","Clinic ","Murewa District "
"12. Macheke ","RDC ","Clinic ","Murewa District "
"13. Dombwe  ","RDC ","Clinic ","Murewa District "
"14. Kadzere ","RDC ","Clinic ","Murewa District "
"15. Nyamutumbu ","RDC ","Clinic ","Murewa District "
"16. Shambamuto ","RDC ","Clinic ","Murewa District "
"17. Virginia ","RDC ","Clinic ","Murewa District "
"18. Matututu ","RDC ","Clinic ","Murewa District "
"19. Waterloo ","RDC ","Clinic ","Murewa District "
"20. St. Paul’s ","Mission ","Rural Hosp. ","Murewa District "
"21. Nohoreka ","Pvt. ","Clinic ","Murewa District "
"22. Nhowe ","Mission ","Clinic ","Murewa District "
"23. Goso ","Govt. ","Clinic ","Murewa District "
"24. Ngwerume ","Govt. ","RHC ","Murewa District "
"1. Mutoko ","Govt. ","District Hosp. ","Mutoko District "
"2. Makosa ","Govt. ","Rural Hosp. ","Mutoko District "
"3. Nyamuzuwe ","Govt. ","Rural Hosp. ","Mutoko District "
"4. Kapondoro ","Govt. ","RHC ","Mutoko District "
"5. Katsukunya ","Govt. ","RHC ","Mutoko District "
"6. Mushimbo ","Govt. ","RHC ","Mutoko District "
"7. Nyadire Resettlement ","Govt. ","RHC ","Mutoko District "
"8. Nyamuzizi ","Govt. ","RHC ","Mutoko District "
"9. Kushinga ","Govt. ","RHC ","Mutoko District "
"10. Hoyuyu I ","Govt ","RHC ","Mutoko District "
"11. Hoyuyu II  ","Govt. ","RHC ","Mutoko District "
"12. Charehwa ","RDC ","Clinic ","Mutoko District "
"13. Kawere ","RDC ","Clinic ","Mutoko District "
"14. Matedza ","RDC ","Clinic ","Mutoko District "
"15. Kowo ","RDC ","Clinic ","Mutoko District "
"16. Kawaza ","RDC ","Clinic ","Mutoko District "
"17. Nzira ","RDC ","Clinic ","Mutoko District "
"18. Mother of Peace ","Pvt. ","Home ","Mutoko District "
"19.Mutemwa  Leprosy ","Pvt. ","Home ","Mutoko District "
"20. Nyadire ","Mission ","Rural hosp. ","Mutoko District "
"21. Luisa Guidotti ","Mission ","Rural Hosp. ","Mutoko District "
"22. Chindenga ","Mission ","Clinic ","Mutoko District "
"1. Mutawatawa ","Govt. ","District Hosp. ","UMP District "
"2. Kafura ","Govt. ","RHC ","UMP District "
"3. Sowa ","Govt. ","RHC ","UMP District "
"4. Marembera ","Govt. ","RHC ","UMP District "
"5. Karimbika ","Govt. ","RHC ","UMP District "
"6. Borera ","RDC ","Clinic ","UMP District "
"7. Chikuhwa ","RDC ","Clinic ","UMP District "
"8. Chipfunde ","RDC ","Clinic ","UMP District "
"9. Chitsungo ","RDC ","Clinic ","UMP District "
"10. Manyika ","RDC ","Clinic ","UMP District "
"11. Maramba ","RDC ","Clinic ","UMP District "
"12. Mashambanhaka ","RDC ","Clinic ","UMP District "
"13. Muskwe ","RDC ","Clinic ","UMP District "
"14. Nhakiwa ","RDC ","Clinic ","UMP District "
"15. Nyakasoro ","RDC ","Clinic ","UMP District "
"16. Nyanzou ","RDC ","Clinic ","UMP District "
"17. Dindi ","Mission ","Clinic ","UMP District "
"18. Dewe ","RDC ","Clinic ","UMP District "
"19. Chitimbe ","RDC ","Clinic ","UMP District "
"1.Marondera Provincial ","Govt. ","","Marondera District "
"2. Chihota ","Govt. ","Rural hosp. ","Marondera District "
"3. Border Church ","Govt. ","RHC ","Marondera District "
"4. Chimbwanda ","Govt. ","RHC ","Marondera District "
"5. Wenimbi ","Govt. ","Clinic ","Marondera District "
"6. Prison ","Govt. ","clinic ","Marondera District "
"7. Kushinga Phikelela ","Govt. ","clinic ","Marondera District "
"8. ZRP ","Govt. ","Clinic ","Marondera District "
"9. Dombotombo ","Municipality ","Clinic ","Marondera District "
"10. Nyameni ","Municipality ","Clinic ","Marondera District "
"11. Masikana ","RDC ","Clinic ","Marondera District "
"12. Igava ","RDC ","clinic ","Marondera District "
"13. Mudzimurema ","RDC ","Clinic ","Marondera District "
"14. Marondera Mobile ","RDC ","Clinic ","Marondera District "
"15. Mutukwa ","RDC ","Clinic ","Marondera District "
"16. Nyembanzvere ","RDC ","Clinic ","Marondera District "
"17. Lustleigh ","RDC ","Clinic ","Marondera District "
"18. Waddilove ","Mission ","Clinic ","Marondera District "
"19. Borrodaile ","Pvt. ","Hosp. ","Marondera District "
"20. St Thomas Prison ","Govt. ","Clinic ","Marondera District "
"21. MRDC ","RDC ","clinic ","Marondera District "
"1. Beatrice ","Govt. ","Rural Hosp. ","Seke District "
"2. Acton Reynods ","Govt. ","RHC ","Seke District "
"3. Masasa ","Govt. ","RHC ","Seke District "
"4. Ringa ","Govt. ","RHC ","Seke District "
"5. Kunaka ","RDC ","Clinic ","Seke District "
"6. Zhakata ","RDC ","Clinic ","Seke District "
"7. Charakupa ","RDC ","Clinic ","Seke District "
"8. Epworth  ","RDC ","Polyclinic ","Seke District "
"9. Jonasi ","RDC ","Clinic ","Seke District "
"10. Lanark ","RDC ","Clinic ","Seke District "
"11. Makanyazingwa ","RDC ","Clinic ","Seke District "
"12. Marirangwe ","RDC ","clinic ","Seke District "
"13. Muda ","RDC ","clinic ","Seke District "
"14. Epworth ","Mission ","Clinic ","Seke District "
"15. Derbshire ","Pvt. ","Clinic ","Seke District "
"16. Port Health ","Govt. ","Clinic ","Seke District "
"1. Bindura ","Govt. ","Provincial Hosp. ","Bindura District "
"2. Chiveso ","Govt. ","RHC ","Bindura District "
"3. Muonwe ","Govt. ","RHC ","Bindura District "
"4. Zimbabwe Prison ","Govt. ","Clinic ","Bindura District "
"5. ZRP ","Govt. ","Clinic ","Bindura District "
"6. Manhanga ","RDC ","RHC ","Bindura District "
"7. Chiriseri ","RDC ","RHC ","Bindura District "
"8. Nyava ","RDC ","RHC ","Bindura District "
"9. Rusununguko ","RDC ","RHC ","Bindura District "
"10. Chipadze ","Municipality ","Clinic ","Bindura District "
"11. Chiwariro ","Municipality ","Clinic ","Bindura District "
"12. Farm Health Scheme ","RDC ","Clinic ","Bindura District "
"13. Ashanti Goldfields ","Mine ","Clinic ","Bindura District "
"14. Trojan ","Mine ","Clinic ","Bindura District "
"15. Bindura ","Municipality ","Polyclinic ","Bindura District "
"16. Foothills ","RDC ","clinic ","Bindura District "
"17. Bindura University ","Govt. ","Clinic ","Bindura District "
"18. Chipindura ","Govt. ","Clinic ","Bindura District "
"19. Family Planning ","Family Planning ","Clinic ","Bindura District "
"20. Rutope ","RDC ","RHC ","Bindura District "
"21. Manga ","Govt. ","RHC ","Bindura District "
"22. Mupandira ","RDC ","RHC ","Bindura District "
"1.St. Alberts ","Mission ","Designated District Hosp. ","Centenary District "
"2.Chawarura RHC ","Govt. ","","Centenary District "
"3. Hoya ","Govt. ","RHC ","Centenary District "
"4. Machaya ","Govt. ","RHC ","Centenary District "
"5. Muzarabani ","Govt. ","RHC ","Centenary District "
"6. Hwata ","RDC ","RHC ","Centenary District "
"7. David Nelson ","RDC ","Clinic ","Centenary District "
"8. Farm Health Scheme ","RDC ","Clinic ","Centenary District "
"9. Chadereka ","Govt. ","RHC ","Centenary District "
"10. Dambakurima ","Govt. ","RHC ","Centenary District "
"11. Chidakamwedzi ","RDC ","","Centenary District "
"12.  ","","","Centenary District "
"1. Shamva ","Govt. ","District hosp. ","Shamva District "
"2. Madziwa ","Govt. ","Rural Hosp. ","Shamva District "
"3. Chishape ","Govt. ","RHC ","Shamva District "
"4. Goora ","Govt. ","RHC ","Shamva District "
"5. Mupfurudzi ","Govt. ","RHC ","Shamva District "
"6. Bushu ","RDC ","Clinic ","Shamva District "
"7. Chidembo ","RDC ","clinic ","Shamva District "
"8. Chihuri ","RDC ","Clinic ","Shamva District "
"9. Mobile ","RDC ","Clinic ","Shamva District "
"10. Shamva Gold Mine ","Mine ","Clinic ","Shamva District "
"11.Wadzanayi Clinic ","RDC ","","Shamva District "
"12. Cargill ","Pvt. ","Clinic ","Shamva District "
"13. Takawira ","RDC ","Clinic ","Shamva District "
"14. Nyamaruro ","RDC ","Clinic ","Shamva District "
"15. Nyamaropa ","RDC ","Clinic ","Shamva District "
"1. Guruve ","Govt. ","District Hosp. ","Guruve District "
"2. Chitsungo ","Mission ","Rural Hosp. ","Guruve District "
"3. Bvokochora ","Govt. ","RHC ","Guruve District "
"4. Nyakapupu ","RDC ","RHC ","Guruve District "
"5. Mashumbi Pools ","Govt. ","RHC ","Guruve District "
"6. Bepura ","RDC ","RHC ","Guruve District "
"7. Negomo ","Govt. ","RHC ","Guruve District "
"8. Nyamhondoro ","Govt. ","RHC ","Guruve District "
"9. Shinje ","Govt. ","RHC ","Guruve District "
"10. Angwa ","RDC ","RHC ","Guruve District "
"11. Bakasa ","RDC ","RHC ","Guruve District "
"12. Chapoto ","RDC ","RHC ","Guruve District "
"13. Chipuriro  ","RDC ","RHC ","Guruve District "
"14. Gonono ","RDC ","RHC ","Guruve District "
"15. Kachuta ","RDC ","RHC ","Guruve District "
"16. Mahuwe ","RDC ","RHC ","Guruve District "
"17. Mastvitsi ","RDC ","RHC ","Guruve District "
"18. Gota ","RDC ","RHC ","Guruve District "
"19. Musengezi ","RDC ","RHC ","Guruve District "
"20. Chikafa ","RDC ","RHC ","Guruve District "
"21. Masomo ","RDC ","RHC ","Guruve District "
"22. Masoka ","RDC ","RHC ","Guruve District "
"23. Chirunya ","RDC ","RHC ","Guruve District "
"24. Chidodo ","RDC ","RHC ","Guruve District "
"25. Kemutamba ","RDC ","RHC ","Guruve District "
"26. Mugarakamwe ","RDC ","RHC ","Guruve District "
"27. Nyambudzi ","RDC ","RHC ","Guruve District "
"28. Ruyamuro ","RDC ","RHC ","Guruve District "
"29. Bickdale ","RDC ","RHC ","Guruve District "
"30. Brandon ","RDC ","RHC ","Guruve District "
"1. Concession ","Govt. ","District Hosp. ","Mazowe District "
"2. Mvurwi ","Govt. ","Rural hosp. ","Mazowe District "
"3. Rosa ","Govt. ","Rural hosp. ","Mazowe District "
"4. Howard ","Mission ","Rural Hosp. ","Mazowe District "
"5. Mozowe ","Pvt. ","Pvt. Hosp. ","Mazowe District "
"6. Chinehasha ","Govt. ","RHC ","Mazowe District "
"7. Nyakudya ","Govt. ","RHC ","Mazowe District "
"8. Shutu ","Govt. ","RHC ","Mazowe District "
"9. Bare ","RDC ","RHC ","Mazowe District "
"10. Makope ","RDC ","RHC ","Mazowe District "
"11. Jingamvura  ","RDC ","RHC ","Mazowe District "
"12. Mukodzongi ","RDC ","RHC ","Mazowe District "
"13. Christon Bank ","RDC ","RHC ","Mazowe District "
"14. Begownie ","RDC ","Clinic ","Mazowe District "
"15. Home Eden ","RDC ","Clinic ","Mazowe District "
"16. Tsungubvi ","RDC ","RHC ","Mazowe District "
"17. Henderson ","Pvt. ","Clinic ","Mazowe District "
"18. Iron Duke ","Mine ","Clinic ","Mazowe District "
"19. Mazowe secondary ","Mission ","Clinic ","Mazowe District "
"20. Stories ","Mine ","Clinic ","Mazowe District "
"21. North eastern Medical ","","Clinic Pvt. ","Mazowe District "
"Centre ","","","Mazowe District "
"22. Nzvimbo ","RDC ","RHC ","Mazowe District "
"23. Dambo ","RDC ","RHC ","Mazowe District "
"24. Hatcliffe ","Govt. ","RHC ","Mazowe District "
"25. Forester Estates ","Pvt. ","Clinic ","Mazowe District "
"26. Mvurwi FHS ","RDC ","Clinic ","Mazowe District "
"27. Montgomery Christian ","","Clinic Pvt. ","Mazowe District "
"Care ","","","Mazowe District "
"28. Mazowe ","Mine ","Clinic ","Mazowe District "
"29. Donje  ","RDC ","Clinic ","Mazowe District "
"30. Vonabo ","RDC ","clinic ","Mazowe District "
"31. Danbary ","RDC ","Clinic ","Mazowe District "
"32. Davaer ","RDC ","Clinic ","Mazowe District "
"33. Mongomery ","RDC ","Clinic ","Mazowe District "
"34. Shopo ","RDC ","clinic ","Mazowe District "
"1. Mt. Darwin ","Govt. ","District Hosp. ","Mt. Darwin District "
"2.Karanda Rural ","Mission ","","Mt. Darwin District "
"3. Dotito ","Govt. ","RHc ","Mt. Darwin District "
"4. Kamutsenzere ","Govt. ","RHC ","Mt. Darwin District "
"5. Mukumbura ","Govt. ","RHC ","Mt. Darwin District "
"6. Nyamahobgo ","Govt. ","RHC ","Mt. Darwin District "
"7. Pfunyanguo ","Govt. ","RHC ","Mt. Darwin District "
"8. Tsakare ","Govt. ","RHC ","Mt. Darwin District "
"9. Chawanda ","RDC ","RHC ","Mt. Darwin District "
"10. Kaitano ","RDC ","RHC ","Mt. Darwin District "
"11. Nembire ","RDC ","RHC ","Mt. Darwin District "
"12. Pachanza ","RDC ","RHC ","Mt. Darwin District "
"13. Mutungagore ","Govt. ","RHC ","Mt. Darwin District "
"14. Bveka ","RDC ","RHC ","Mt. Darwin District "
"15. Mutasa ","Govt. ","RHC ","Mt. Darwin District "
"16. ZRP ","Govt. ","Clinic ","Mt. Darwin District "
"17. Matope ","RDC ","Clinic ","Mt. Darwin District "
"18. Bandimba ","RDC ","Clinic ","Mt. Darwin District "
"19. Chimbu ","RDC ","Clinic ","Mt. Darwin District "
"1. Chimhanda ","Govt. ","District hosp. ","Rushinga District "
"2. Mary Mt. ","Mission ","Rural Hosp. ","Rushinga District "
"3. Mukosa ","Govt. ","RHC ","Rushinga District "
"4. Mukonde ","Govt. ","RHC ","Rushinga District "
"5. Nhawa ","Govt. ","RHC ","Rushinga District "
"6. Rushinga ","Govt. ","RHC ","Rushinga District "
"7. Mazowe Camp ","Govt. ","Clinic ","Rushinga District "
"8. Nyamatikiti ","Govt. ","Clinic ","Rushinga District "
"9. Bungwe ","RDC ","RHC ","Rushinga District "
"10. rusambo ","RDC ","RHC ","Rushinga District "
"11.Chimhanda RHC ","RDC ","","Rushinga District "
"1. Murambinda ","Mission ","Designated Dist. Hosp. ","Buhera District "
"2. Buhera ","Govt. ","Rural Hosp. ","Buhera District "
"3. Birchenough Bridge ","Govt. ","Rural hosp. ","Buhera District "
"4. Betera ","Govt. ","RHC ","Buhera District "
"5. Madzimbashuro ","Govt. ","RHC ","Buhera District "
"6. Mombeyarara ","Govt. ","RHC ","Buhera District "
"7. Murwira ","Govt. ","RHC ","Buhera District "
"8. Zagama ","Govt. ","RHc ","Buhera District "
"9. Nyashanu ","RDC ","clinic ","Buhera District "
"10. Chapwanya ","RDC ","Clinic ","Buhera District "
"11. Chiweshe ","RDC ","Clinic ","Buhera District "
"12. Gombe ","RDC ","Clinic ","Buhera District "
"13. Nerutanga ","RDC ","Clinic ","Buhera District "
"14. Rambanapasi ","RDC ","Clinic ","Buhera District "
"15. Bangure ","RDC ","Clinic ","Buhera District "
"16. Chabata ","RDC ","clinic ","Buhera District "
"17. Chirozva ","RDC ","Clinic ","Buhera District "
"18. Mutiusinazita ","RDC ","Clinic ","Buhera District "
"19. Muzokomba ","RDC ","Clinic ","Buhera District "
"20. Chapanduka ","RDC ","clinic ","Buhera District "
"21. Dorowa ","Mine ","Clinic ","Buhera District "
"22. Dandaware ","Pvt. ","clinic ","Buhera District "
"23. Mutepfe  ","RDC ","clinic ","Buhera District "
"24. Munyanyi ","RDC ","Clinic ","Buhera District "
"25. Garamwera ","RDC ","Clinic ","Buhera District "
"26. Chiwenga ","RDC ","Clinic ","Buhera District "
"27. Mudanda ","RDC ","Clinic ","Buhera District "
"28. Gunura ","RDC ","Clinic ","Buhera District "
"29. Mudavose ","RDC ","Clinic ","Buhera District "
"30. Chimbudzi ","RDC ","Clinic ","Buhera District "
"31. Bere ","RDC ","RHC ","Buhera District "
"1. Chimanimani ","Govt. ","Rural Hosp. ","Chimanimani District. "
"2. Birwiri ","Govt. ","Rural Hosp. ","Chimanimani District. "
"3. Nyanyadzi ","Govt. ","Rural Hosp. ","Chimanimani District. "
"4. Mutambara ","Mission ","Designated Dist. Hosp. ","Chimanimani District. "
"5. Rusitu ","Mission ","Rural hosp. ","Chimanimani District. "
"6. Changazi ","Govt. ","RHC ","Chimanimani District. "
"7. Chikukwa ","Govt. ","RHC ","Chimanimani District. "
"8. Muchadziya ","Govt. ","RHC ","Chimanimani District. "
"9. Bumba ","Govt. ","RHC ","Chimanimani District. "
"10. Chayamiti ","Govt. ","RHC ","Chimanimani District. "
"11. Chakohwa ","RDC ","RHC ","Chimanimani District. "
"12. Chikwakwa ","RDC ","RHC ","Chimanimani District. "
"13. Gudyanga ","RDC ","Clinic ","Chimanimani District. "
"14. Mustvangwa ","RDC ","Clinic ","Chimanimani District. "
"15. Shinje ","RDC ","Clinic ","Chimanimani District. "
"16. Roscommon ","Pvt. ","clinic ","Chimanimani District. "
"17. Tilbury ","Commercial ","Clinic ","Chimanimani District. "
"18. Arda ","Commercial ","Clinic ","Chimanimani District. "
"19. Charter ","Commercial; ","Clinic ","Chimanimani District. "
"20. Gwindingwi ","Commercial ","Clinic ","Chimanimani District. "
"21. Chisengu ","Commercial ","Clinic ","Chimanimani District. "
"22.  Cashel ","Commercial ","Clinic ","Chimanimani District. "
"23. Martin Forest   ","Commercial ","Clinic ","Chimanimani District. "
"24. Nyahode ","Govt. ","Clinic ","Chimanimani District. "
"25. Ngorima ","RDC ","Clinic ","Chimanimani District. "
"26. PSZ ","NGO ","Clinic ","Chimanimani District. "
"1. Chipinge ","Govt. ","District hosp. ","Chipinge District "
"2. St. Peters  ","Mission ","Rural hosp. ","Chipinge District "
"3. Mt. Selinda ","Mission ","Rural hosp. ","Chipinge District "
"4. Chikore ","Mission ","Rural hosp ","Chipinge District "
"5. Gwenzi ","Mission ","Clinic ","Chipinge District "
"6. Chinyamukwakwa ","Govt. ","RHC ","Chipinge District "
"7. Kopera ","Govt. ","RHC ","Chipinge District "
"8. Mabee ","Govt. ","RHC ","Chipinge District "
"9. Mahenye ","Govt. ","RHC ","Chipinge District "
"10. Paidamoyo ","Govt. ","RHC ","Chipinge District "
"11. Tanganda ","Govt. ","RHC ","Chipinge District "
"12. Msilizwi ","Govt. ","RHC ","Chipinge District "
"13. Gumira ","RDC ","clinic ","Chipinge District "
"14. Kondo ","RDC ","Clinic ","Chipinge District "
"15. Madhuku ","RDC ","Clinic ","Chipinge District "
"16. Manzvire ","RDC ","Clinic ","Chipinge District "
"17. Matanadhwe ","RDC ","Clinic ","Chipinge District "
"18. Rimbi ","RDC ","clinic ","Chipinge District "
"19. Vheneka ","RDC ","Clinic ","Chipinge District "
"20. Zamuchiya ","RDC ","Clinic ","Chipinge District "
"21. Hwakata ","RDC ","Clinic ","Chipinge District "
"22. Chipangai ","RDC ","Clinic ","Chipinge District "
"23. Chiriga ","RDC ","Clinic ","Chipinge District "
"24. Gaza ","RDC ","clinic ","Chipinge District "
"25. Junction ","RDC ","clinic ","Chipinge District "
"26. Mutema ","RDC ","Clinic ","Chipinge District "
"27. Ngaone ","RDC ","Clinic ","Chipinge District "
"28. Silverstream ","Commercial ","Clinic ","Chipinge District "
"29. Clearwater ","Commercial ","Clinic ","Chipinge District "
"30. Arda Middle Save ","Commercial ","Clinic ","Chipinge District "
"31. Takawira ","Commercial ","Clinic ","Chipinge District "
"32. Jersey ","Commercial ","Clinic ","Chipinge District "
"33. New Year’s Gift ","Commercial ","Clinic ","Chipinge District "
"34. Rattleshoek ","Commercial ","Clinic ","Chipinge District "
"35. Zona ","Commercial ","Clinic ","Chipinge District "
"36. Southdown ","Commercial ","Clinic ","Chipinge District "
"37. Checheche ","RDC ","Clinic ","Chipinge District "
"38. Smaldale ","RDC ","Clinic ","Chipinge District "
"39. Musani ","RDC ","Clinic ","Chipinge District "
"40. Tuzuka ","RDC ","Clinic ","Chipinge District "
"41. Maparadze ","RDC ","Clinic ","Chipinge District "
"42. Chisuma ","RDC ","Clinic ","Chipinge District "
"43. Tongogara ","Refugee Camp ","Clinic ","Chipinge District "
"44. Chipinge ","Town council ","Clinic ","Chipinge District "
"45. Tamandai ","Pvt. ","Clinic ","Chipinge District "
"46. Mt. Selinda ","Mission ","Rural Hosp. ","Chipinge District "
"47. Arda Chisumbanje ","Commercial ","Clinic ","Chipinge District "
"1. Rusape ","Govt. ","District Hosp.  ","Makoni District "
"2. Bamba ","Govt. ","RHC ","Makoni District "
"3. Chikobvore ","Govt. ","RHC ","Makoni District "
"4. Chinhenga ","Govt. ","RHC ","Makoni District "
"5. Chinyika I ","Govt. ","RHC ","Makoni District "
"6. Chinyika II ","Govt. ","RHC ","Makoni District "
"7. Chinyudze ","Govt. ","RHC ","Makoni District "
"8. Gowakowa ","Govt. ","RHC ","Makoni District "
"9. Katsenga ","Govt. ","RHC ","Makoni District "
"10. Maparura ","Govt. ","RHC ","Makoni District "
"11. Masvosva ","Govt. ","RHC ","Makoni District "
"12. Matotwe ","Govt. ","RHC ","Makoni District "
"13. Mayo I ","Govt. ","RHC ","Makoni District "
"14. Mayo II ","Govt. ","RHC ","Makoni District "
"15. Nyahukwe ","Govt. ","RHC ","Makoni District "
"16. Nyahove ","Govt. ","RHC ","Makoni District "
"17. Nyamukamani ","Govt. ","RHC ","Makoni District "
"18. Makoni ","Govt. ","Rural Hosp. ","Makoni District "
"19. Weya ","Govt. ","Rural Hosp. ","Makoni District "
"20. Nyamidzi ","RDC ","Clinic ","Makoni District "
"21. Rukweza ","RDC ","Clinic ","Makoni District "
"22. Era Mine ","RDC ","Clinic ","Makoni District "
"23. Mubvurungwa ","RDC ","Clinic ","Makoni District "
"24. Chiduku  ","RDC ","Clinic ","Makoni District "
"25. Chikore ","RDC ","Clinic ","Makoni District "
"26. Dowa ","RDC ","Clinic ","Makoni District "
"27. Matsika ","RDC ","Clinic ","Makoni District "
"28. Mukamba ","RDC ","Clinic ","Makoni District "
"29. Tandi ","RDC ","Clinic ","Makoni District "
"30. Toriro ","RDC ","Clinic ","Makoni District "
"31. Tsanzaguru ","RDC ","Clinic ","Makoni District "
"32. Dumbamwe ","RDC ","Clinic ","Makoni District "
"33. Vengere ","RDC ","Clinic ","Makoni District "
"34. Headlands ","RDC ","Clinic ","Makoni District "
"35. Nyazura ","RDC ","Clinic ","Makoni District "
"36. St. Micheals ","Mission ","Rural Hosp. ","Makoni District "
"37. St. Theresa ","Mission ","Rural hosp. ","Makoni District "
"38. Anoldine ","Mission ","Clinic ","Makoni District "
"39. Chinyadza ","Mission ","Clinic ","Makoni District "
"40. Nyazura ","Mission ","Clinic ","Makoni District "
"41. Inyathi Mine Clinic ","ZRP ","","Makoni District "
"42. Ringanai ","RDC ","Clinic ","Makoni District "
"43. Mavhudzi  ","Govt. ","Clinic ","Makoni District "
"44. Gorubi ","Govt. ","Clinic ","Makoni District "
"1. Mutare ","Govt. ","Provincial hosp. ","Mutare  District "
"2. Marange ","Govt. ","Rural hosp. ","Mutare  District "
"3. Mt. Zuma  ","Govt. ","RHC ","Mutare  District "
"4. Guturare ","Govt. ","RHC ","Mutare  District "
"5. Gwindingwi ","Govt. ","RHC ","Mutare  District "
"6. Muromo ","Govt. ","RHC ","Mutare  District "
"7. Nyamazura ","Govt. ","RHC ","Mutare  District "
"8. Nyagundi ","Govt. ","RHC ","Mutare  District "
"9. Chiadzwa ","Govt. ","RHC ","Mutare  District "
"10. Chiwere ","Govt. ","RHC ","Mutare  District "
"11. Zvipiripiri ","RDC. ","RHC ","Mutare  District "
"12. Bazerly ","RDC. ","RHC ","Mutare  District "
"13. Burma Valley ","RDC ","RHc ","Mutare  District "
"14. Bakorenhema ","RDC ","RHC ","Mutare  District "
"15. Chitakatira ","RDC ","RHC ","Mutare  District "
"16. Chitaka ","RDC ","RHC ","Mutare  District "
"17. Chipfatsura ","RDC ","RHC ","Mutare  District "
"18. Mambwere ","RDC ","RHC ","Mutare  District "
"19. Mukwanda ","RDC ","RHC ","Mutare  District "
"20. Nzvenga ","RDC ","RHC ","Mutare  District "
"21. Masasi ","RDC ","RHC ","Mutare  District "
"22. Mushunje ","RDC ","RHC ","Mutare  District "
"23. Odzi  ","RDC ","Rural hosp. ","Mutare  District "
"24. Zimunya ","RDC ","RHC ","Mutare  District "
"25. Zumbare ","RDC ","RHC ","Mutare  District "
"26. Rowa ","RDC ","RHC ","Mutare  District "
"27. Chikwariro ","Mission ","Rural hosp. ","Mutare  District "
"28. St. Andrews  ","Mission ","Rural Hosp. ","Mutare  District "
"29. St. Joseph (TB) ","Mission ","Rural hosp. ","Mutare  District "
"30. Vumba ","Commercial ","Clinic ","Mutare  District "
"31. Sakubva ","Govt. ","District hosp. ","Mutare  District "
"32. Mavhiza ","RDC ","RHC ","Mutare  District "
"33. Dora ","RDC ","RHC ","Mutare  District "
"34. Chapendeka ","Govt. ","RHC ","Mutare  District "
"35. Chishingwi ","RDC ","RHC ","Mutare  District "
"36. Bwizi ","RDC ","RHC ","Mutare  District "
"37. Mutanda ","RDC ","RHC ","Mutare  District "
"38. Chitora ","RDC ","RHC ","Mutare  District "
"1. Hauna ","Govt. ","District Hosp. ","Mutasa District "
"2. Tsonzo ","Govt. ","Rural Hosp. ","Mutasa District "
"3. Sherukuru ","Govt. ","RHC ","Mutasa District "
"4. Gavhanga ","Govt. ","RHC ","Mutasa District "
"5. Rupinda ","Govt. ","RHC ","Mutasa District "
"6. Old Mutare ","Mission ","Rural hosp. ","Mutasa District "
"7. Bonda ","Mission ","Rural hosp. ","Mutasa District "
"8. St. Augustines ","Mission ","Clinic ","Mutasa District "
"9. St. Barbaras ","Mission ","Rural hosp. ","Mutasa District "
"10. Triashill ","Mission ","Rural hosp. ","Mutasa District "
"11. Gatsi ","Mission ","Clinic ","Mutasa District "
"12. Honde ","Mission ","Clinic ","Mutasa District "
"13. Mutasa ","RDC ","RHC ","Mutasa District "
"14. Mandeya II ","RDC ","RHC ","Mutasa District "
"15. Sachisuko ","RDC ","RHC ","Mutasa District "
"16. Sagambe ","RDC ","RHC ","Mutasa District "
"17. Mapara ","RDC ","RHC ","Mutasa District "
"18. Rumbidzai ","RDC ","RHC ","Mutasa District "
"19. Hauna ","RDC ","RHC ","Mutasa District "
"20. Sadziwa  ","RDC ","RHC ","Mutasa District "
"21. Ngarura ","RDC ","RHC ","Mutasa District "
"22. Sahumani ","RDC ","RHC ","Mutasa District "
"23. Mupotedzi ","RDC ","RHC ","Mutasa District "
"24. Samanga ","RDC ","RHC ","Mutasa District "
"25. Sakupwanya ","RDC ","RHC ","Mutasa District "
"26. Guta ","RDC ","RHC ","Mutasa District "
"27. Moyoweshumba ","RDC ","RHC ","Mutasa District "
"28. Zongororo ","RDC ","RHC ","Mutasa District "
"29. Mt. Jenya ","RDC ","RHC ","Mutasa District "
"30. Drenan ","Commercial ","Clinic ","Mutasa District "
"31. Sheba ","Commercial ","Clinic ","Mutasa District "
"32. Redwing ","Commercial ","Clinic ","Mutasa District "
"33. Imbeza ","Commercial ","Clinic ","Mutasa District "
"34. FITC ","Commercial ","Clinic ","Mutasa District "
"35. Stapleford ","Commercial ","Clinic ","Mutasa District "
"36. Aberfoyle ","Commercial ","Clinic ","Mutasa District "
"37. Selborne ","Commercial ","Clinic ","Mutasa District "
"38. Katiyo ","Commercial ","Clinic ","Mutasa District "
"39. EHTE ","Commercial ","Clinic ","Mutasa District "
"40. St. Peters ","Mission ","Clinic ","Mutasa District "
"41. Hauna ","RDC ","Clinic ","Mutasa District "
"42. Chingamwe ","RDC ","Clinic ","Mutasa District "
"43. Jombe ","RDC ","Clinic ","Mutasa District "
"1. Nyanga ","Govt. ","District Hosp. ","Nyanga District "
"2. Dombo ","Govt. ","RHC ","Nyanga District "
"3. Gairezi ","Govt. ","RHC ","Nyanga District "
"4. Gotekote ","Govt. ","RHC ","Nyanga District "
"5. Matize ","Govt. ","RHC ","Nyanga District "
"6. Nyarumvurwe ","Govt. ","RHC ","Nyanga District "
"7. Nyautare ","Govt. ","RHC ","Nyanga District "
"8. Ruchera ","Govt. ","RHC ","Nyanga District "
"9. Regina Coeli ","Mission ","Rural hosp. ","Nyanga District "
"10. Mt. Mellery ","Mission ","Rural Hosp. ","Nyanga District "
"11. Avilla  ","Mission ","Rural hosp. ","Nyanga District "
"12. Elim ","Mission ","Rural hosp. ","Nyanga District "
"13. Nyamombe ","Mission ","Clinic ","Nyanga District "
"14. Chatindo ","RDC ","RHC ","Nyanga District "
"15. Fombe ","RDC ","RHC ","Nyanga District "
"16. Nyadowa ","RDC ","RHC ","Nyanga District "
"17. Nyafaru ","RDC ","RHC ","Nyanga District "
"18. Nyamaropa ","RDC ","RHC ","Nyanga District "
"19. Nyatate ","RDC ","RHC ","Nyanga District "
"20. Tombo ","RDC ","RHC ","Nyanga District "
"21. Sabvura ","RDC ","RHC ","Nyanga District "
"22. Erin Forest ","Commercial ","Clinic ","Nyanga District "
"23. Nyangui Forest ","Commercial ","Clinic ","Nyanga District "
"24. Chiwarira ","RDC ","Clinic ","Nyanga District "
"25. Kambudzi ","RDC ","Clinic ","Nyanga District "
"26. Chimusasa ","RDC ","Clinic ","Nyanga District "
"27. Mobile Clinic clinic ","RDC ","","Nyanga District "
"1. Dangamvura ","Municipality ","Polyclinic ","Mutare City "
"2. Chikanga ","Municipality ","Clinic ","Mutare City "
"3. Florida ","Municipality ","Clinic ","Mutare City "
"4. Fern Valley ","Municipality ","Clinic ","Mutare City "
"5. Mutare ","Municipality ","Clinic ","Mutare City "
"6. Sakubva ","Municipality ","Polyclinic ","Mutare City "
"1. Bikita ","Govt. ","Rural hosp. ","Bikita District "
"2. Chikuku ","Govt. ","RHC ","Bikita District "
"3. Marozva ","RDC ","RHC ","Bikita District "
"4. Mashoko ","Mission ","Rural hosp. ","Bikita District "
"5. Silveira ","Mission ","Rural Hosp. ","Bikita District "
"6. Nyika ","Govt. ","RHC ","Bikita District "
"7. Pfupajena ","RDC ","RHC ","Bikita District "
"8. Mkanga ","Govt. ","RHC ","Bikita District "
"9. Dewure I ","Govt. ","RHC ","Bikita District "
"10. Dewure II ","Govt. ","RHC ","Bikita District "
"11. Mukore ","Govt. ","RHC ","Bikita District "
"12. Mungezi ","RDC ","RHC ","Bikita District "
"13. Negovano ","RDC ","RHC ","Bikita District "
"14. Odzi ","RDC ","RHC ","Bikita District "
"15. Hozvi ","RDC ","Clinic ","Bikita District "
"16. Bikita Minerals ","Mine ","Clinic ","Bikita District "
"17. Chitasa ","RDC ","clinic ","Bikita District "
"18. Ngorima ","Govt. ","Clinic ","Bikita District "
"19.  Chirorwe ","Govt. ","Clinic ","Bikita District "
"20. Mutikizizi ","RDC ","Clinic ","Bikita District "
"21. Gangare ","RDC ","Clinic ","Bikita District "
"22. Gava ","RDC ","Clinic ","Bikita District "
"23. Murwira ","RDC ","RHC ","Bikita District "
"1. Chiredzi ","Govt. ","District Hosp. ","Chiredzi District "
"2. Chikombedzi ","Mission ","Rural hosp. ","Chiredzi District "
"3.Collin Saunders ","Pvt. ","Clinic ","Chiredzi District "
"4. Muteyo ","Govt. ","RHC ","Chiredzi District "
"5. Chizvirizvi ","Govt. ","RHC ","Chiredzi District "
"6. Nyangambe ","Govt. ","RHC ","Chiredzi District "
"7. Chambuta ","Govt. ","RHC ","Chiredzi District "
"8. Chilonga ","Govt. ","RHC ","Chiredzi District "
"9. Mhlanguleni ","Govt. ","RHC ","Chiredzi District "
"10. Old Boli ","Govt. ","RHC ","Chiredzi District "
"11. Malipati ","Govt. ","RHC ","Chiredzi District "
"12. Gezani ","Govt. ","RHC ","Chiredzi District "
"13. Davata ","Govt. ","RHC ","Chiredzi District "
"14. Samu ","Govt. ","RHC ","Chiredzi District "
"15. Chitsa ","RDC ","Clinic ","Chiredzi District "
"16. Rupangwana ","RDC ","Clinic ","Chiredzi District "
"17. St. Jospeth ","RDC ","Clinic ","Chiredzi District "
"18. Pore-pore ","RDC ","Clinic ","Chiredzi District "
"19. Chipiwa ","RDC ","Clinic ","Chiredzi District "
"20. Chibwedziva ","RDC ","Clinic ","Chiredzi District "
"21. Makande ","RDC ","Clinic ","Chiredzi District "
"22. Rutandare ","RDC ","Clinic ","Chiredzi District "
"23. Dunisa ","RDC ","Clinic ","Chiredzi District "
"24. Chingele ","Mission ","Clinic ","Chiredzi District "
"25. Damarakanaka ","Mission ","Clinic ","Chiredzi District "
"26. Tshovani ","Town council ","Polyclinic ","Chiredzi District "
"27. Hippo Valley ","Commercial ","Clinic ","Chiredzi District "
"28. ZRP ","ZRP ","clinic ","Chiredzi District "
"29. Mkwasine ","Commercial ","clinic ","Chiredzi District "
"30. NRZ ","Industry ","Clinic ","Chiredzi District "
"31. Pahlela ","Pvt. ","clinic ","Chiredzi District "
"32. ZSA ","Pvt. ","Clinic ","Chiredzi District "
"33. Triangle  ","Pvt. ","Hospital ","Chiredzi District "
"1. Chivi ","Govt. ","District hosp. ","Chivi District "
"2. Chivi ","Govt. ","Rural Hosp. ","Chivi District "
"3. Berejena ","Mission ","Clinic ","Chivi District "
"4. Chigwikwi ","Govt. ","RHC ","Chivi District "
"5. Mhandamabwe ","Govt. ","RHC ","Chivi District "
"6. Ngundu ","Govt. ","RHC ","Chivi District "
"7. Razi ","Govt. ","RHC ","Chivi District "
"8. Takavarasha ","Govt. ","RHC ","Chivi District "
"9. Nyahombe ","Govt. ","RHC ","Chivi District "
"10. Chifedza ","RDC ","RHC ","Chivi District "
"11. Davira ","RDC ","RHC ","Chivi District "
"12. Madamombe ","RDC ","RHC ","Chivi District "
"13. Shindi ","RDC ","RHC ","Chivi District "
"14. Vuranda ","RDC ","RHC ","Chivi District "
"15. Chivi ","Mission ","Clinic ","Chivi District "
"1. Gutu ","Govt. ","Rural Hosp. ","Gutu District "
"2. Gutu ","Mission ","Rural Hosp. ","Gutu District "
"3. Chinyika ","Govt. ","Rural Hosp. ","Gutu District "
"4. Cheshuro ","RDc ","RHC ","Gutu District "
"5. Chitando ","Govt. ","Rural hsop. ","Gutu District "
"6. Chiwore ","RDC ","RHC ","Gutu District "
"7. Denhere ","RDC ","RHC ","Gutu District "
"8. Dewure ","RDC ","RHC ","Gutu District "
"9. Magombedze ","RDC ","RHC ","Gutu District "
"10. Chitsa ","RDC ","RHC ","Gutu District "
"11. Majada ","Govt. ","RHC ","Gutu District "
"12. Matizha ","Govt. ","RHC ","Gutu District "
"13. Mazuru ","RDC ","RHC ","Gutu District "
"14. Chimombe ","Govt. ","RHC ","Gutu District "
"15. Mukaro ","Mission ","Clinic ","Gutu District "
"16. Munyikwa ","RDC ","RHC ","Gutu District "
"17. Mushaviri ","Govt. ","RHC ","Gutu District "
"18. Mutema ","Govt. ","RHC ","Gutu District "
"19. Mutero ","Mission ","Clinic ","Gutu District "
"20. Nemashakwe ","RDc ","Clinic ","Gutu District "
"21. Nyazvidzi ","RDC ","RHC ","Gutu District "
"22. Serima ","Mission ","clinic ","Gutu District "
"23. Soli Source ","Govt. ","Clinic ","Gutu District "
"24. Tirizi ","RDc ","Clinic ","Gutu District "
"25. Zinhata ","RDC ","Clinic ","Gutu District "
"26. Zvavahera ","Govt. ","RHC ","Gutu District "
"1. Masvingo ","Govt. ","Provincial hosp. ","Masvingo District "
"2. Nyajena ","Govt. ","Rural hosp. ","Masvingo District "
"3. Morgenister ","Mission ","Designated Dist. Hosp. ","Masvingo District "
"4. Gurajena ","Govt. ","Rural hosp. ","Masvingo District "
"5. Gokomere ","Mission ","Clinic ","Masvingo District "
"6. Gathsmine ","Mine ","Pvt. Hosp. ","Masvingo District "
"7. Alvord ","Govt. ","Clinic ","Masvingo District "
"8. Mukosi ","Govt.  ","Clinic ","Masvingo District "
"9. Mushandike ","Govt. ","Clinic ","Masvingo District "
"10. Musvosvi ","Govt. ","Clinic ","Masvingo District "
"11. Mutimurefu ","Govt. ","clinic ","Masvingo District "
"12. Nemamwa ","Govt. ","RHC ","Masvingo District "
"13. Nyikavanhu ","Govt. ","RHc ","Masvingo District "
"14. ZRP ","Govt. ","Clinic ","Masvingo District "
"15. 41 Brigade ","Govt. ","Clinic ","Masvingo District "
"16. Masvingo Teachers ","Govt. ","Clinic ","Masvingo District "
"17. Masvingo Tech. ","Govt. ","Clinic ","Masvingo District "
"18. Summerton ","Govt. ","RHC ","Masvingo District "
"19. Charumbira ","RDC ","RHC ","Masvingo District "
"20. Chatikobo ","RDC ","Clinic ","Masvingo District "
"21. Gundura ","RDC ","Clinic ","Masvingo District "
"22. Mapanzure ","RDC ","Clinic ","Masvingo District "
"23. Bere ","RDC ","Clinic ","Masvingo District "
"24. Murinye ","RDC ","Clinic ","Masvingo District "
"25. Rukowo ","RDC ","Clinic ","Masvingo District "
"26. Shumba ","RDC ","Clinic ","Masvingo District "
"27. Zimuti BC ","RDC ","Clinic ","Masvingo District "
"28. Mucheke ","Municipality ","Clinic ","Masvingo District "
"29. Zano ","RDC ","Clinic ","Masvingo District "
"30. Guwa  ","RDc ","Clinic ","Masvingo District "
"31. Renco ","Mine ","Clinic ","Masvingo District "
"32. Lennox ","Mine ","Clinic ","Masvingo District "
"33. Makurira ","Pvt. ","Clinic ","Masvingo District "
"34. Rujeko ","Municipality ","Clinic ","Masvingo District "
"35. Runyararo ","Municipality ","Clinic ","Masvingo District "
"36. Bondolfi ","Mission ","Clinic ","Masvingo District "
"37. Shonganiso ","Mission ","Clinic ","Masvingo District "
"38. Zimuto ","Mission ","Clinic ","Masvingo District "
"39. Stanmore ","Govt. ","Clinic ","Masvingo District "
"40. Shashe ","RDC ","Clinic ","Masvingo District "
"41. Masvingo Prison ","Govt. ","Clinic ","Masvingo District "
"1. Neshuro ","Govt. ","District hosp. ","Mwenezi District.  "
"2. Matibi ","Mission ","Rural hosp. ","Mwenezi District.  "
"3. Chimbudzi ","Govt. ","RHC ","Mwenezi District.  "
"4. Chirindi ","Govt. ","RHC ","Mwenezi District.  "
"5. Chizumba ","Govt. ","RHC ","Mwenezi District.  "
"6. Maranda ","Govt. ","Clinic ","Mwenezi District.  "
"7. Nehanda ","Govt. ","Clinic ","Mwenezi District.  "
"8. Rutenga ","Govt. ","Clinic ","Mwenezi District.  "
"9. Mazetese ","RDC ","Clinic ","Mwenezi District.  "
"10. Mushava ","RDC ","Clinic ","Mwenezi District.  "
"11. Mwenezi ","RDC ","Clinic ","Mwenezi District.  "
"12. Murove ","RDC ","Clinic ","Mwenezi District.  "
"13. Mlelezi ","RDC ","Clinic ","Mwenezi District.  "
"14. Boterere ","RDC ","Clinic ","Mwenezi District.  "
"15. Rutenga NRZ ","Pvt. ","Clinic ","Mwenezi District.  "
"16. Mwenezana ","Pvt. ","Clinic ","Mwenezi District.  "
"17. Maranda ","Mission ","Rural hosp. ","Mwenezi District.  "
"18. Lundi ","Mission ","Clinic ","Mwenezi District.  "
"1. Ndanga ","Govt. ","District Hosp.  ","Zaka District "
"2. Musiso ","Mission ","Rural hosp. ","Zaka District "
"3. Chipinda ","Govt. ","RHC ","Zaka District "
"4. Harava ","Govt. ","RHC ","Zaka District "
"5. Nemauku ","Govt. ","RHC ","Zaka District "
"6. Svuure ","Govt. ","RHC ","Zaka District "
"7. Zibwowa ","Govt. ","RHC ","Zaka District "
"8. Bota ","RDC ","RHC ","Zaka District "
"9. Bvukururu ","RDC ","RHC ","Zaka District "
"10. Chinyabako ","RDC ","Clinic ","Zaka District "
"11. Chiredzana ","RDC ","Clinic ","Zaka District "
"12. Fube ","RDC ","Clinic ","Zaka District "
"13. Jichidza ","RDC ","Clinic ","Zaka District "
"14. Mushaya ","RDC ","Clinic ","Zaka District "
"15. Ndanga ","RDC ","Clinic ","Zaka District "
"16. Nhema ","RDC ","Clinic ","Zaka District "
"17. Nyakunhuwa ","RDC ","Clinic ","Zaka District "
"18. Siyawareva ","RDC ","Clinic ","Zaka District "
"19. Jerera ","RDC ","Clinic ","Zaka District "
"20 Veza ","RDC ","Clinic ","Zaka District "
"21. Jichidza ","","Clinic Mission ","Zaka District "
"22. Mageza ","RDC ","Clinic ","Zaka District "
"23. Zibwowa ","Govt. ","RHC ","Zaka District "
"1. Binga ","Govt. ","District Hosp. ","Binga District "
"2. Siabuwa ","Govt. ","Rural Hosp. ","Binga District "
"3. Kariangwe ","Mission ","Rural hosp. ","Binga District "
"4. Chunga ","Govt. ","RHC ","Binga District "
"5. Lubimbi ","Govt. ","RHC ","Binga District "
"6. Lusuli ","Govt. ","RHC ","Binga District "
"7. Muchesu ","Govt. ","RHC ","Binga District "
"8. Siasumbu ","Govt. ","RHC ","Binga District "
"9. Chinengo ","Govt. ","RHC ","Binga District "
"10. Pashu ","RDC ","RHC ","Binga District "
"11. Tinde ","Mission ","RHC ","Binga District "
"12. Simatelele ","Govt. ","RHC ","Binga District "
"13. Sinasengue ","Govt ","RHC ","Binga District "
"14. Sinangonde ","Govt. ","RHC ","Binga District "
"1. Inyathi ","Govt. ","District hosp. ","Bubi District "
"2. Lukala ","Govt. ","RHC ","Bubi District "
"3. Mbembeswana ","RDC ","RHC ","Bubi District "
"4. Siganda ","RDC. ","RHC ","Bubi District "
"5. Balanda ","RDC ","RHC ","Bubi District "
"6. Majiji ","RDC ","RHC ","Bubi District "
"7. Isabella ","Pvt. ","Clinic ","Bubi District "
"8. Sikhumi ","Govt. ","Clinic ","Bubi District "
"9. Mdutshana ","Govt ","RHC ","Bubi District "
"10. Casyman (Turk) ","Govt. ","RHC ","Bubi District "
"1. Victoria Falls ","Govt. ","District Hosp. ","Hwange District "
"2. Lukosi ","Govt. ","Rural hosp. ","Hwange District "
"3. Kamativi ","Mission ","RHC ","Hwange District "
"4. Wankie Colliery ","Industry ","Pvt. Hosp. ","Hwange District "
"5. Chisuma ","Govt. ","RHC ","Hwange District "
"6. Jambezi ","Govt. ","RHC ","Hwange District "
"7. Kanyambizi ","Govt. ","RHC ","Hwange District "
"8. Makwandara ","Govt. ","RHC ","Hwange District "
"9. Mwemba ","Govt. ","RHC ","Hwange District "
"10. dete ","RDC ","Clinic ","Hwange District "
"11. Dinde ","RDC ","Clinic ","Hwange District "
"12. ZRP Vic. Falls ","Govt. ","Clinic ","Hwange District "
"13. Lupote ","RDC ","Clinic ","Hwange District "
"14. Main Camp (National ","","Clinic Pvt. ","Hwange District "
"Parks) ","","","Hwange District "
"15. Ndlovu ","RDC ","Clinic ","Hwange District "
"16. Simangani ","RDC ","Clinic ","Hwange District "
"17. Vic. Falls hotel ","Pvt. ","Clinic ","Hwange District "
"18. Mabale ","RDC ","Clinic ","Hwange District "
"19. No. 4 North Hill ","Industry ","Clinic ","Hwange District "
"20. Hwange Prisons ","Govt. ","Clinic ","Hwange District "
"21. Zesa Dressing station ","Pvt. ","Clinic ","Hwange District "
"22. Elephant Hills ","","Clinic Pvt. ","Hwange District "
"(ZIMSUN) ","","","Hwange District "
"23. Hwange ZRP ","Govt. ","Clinic ","Hwange District "
"24. Zesa Chibondo ","Pvt. ","Clinic ","Hwange District "
"25. Empumalanga ","Town council ","Clinic ","Hwange District "
"26. Chinotimba ","Town council ","Clinic ","Hwange District "
"27. NRZ (Dete) ","Pvt. ","Clinic ","Hwange District "
"28. NRZ (Ngimija) ","Pvt. ","clinic ","Hwange District "
"29. Zesa Ingagula ","Pvt. ","Clinic ","Hwange District "
"30. NRZ (Surgery) ","Pvt. ","clinic ","Hwange District "
"31. Lukunguni ","Mission ","Rural Hosp. ","Hwange District "
"32. No. 2 Colliery ","Pvt. ","Clinic ","Hwange District "
"33. No.3 colliery ","Pvt. ","Clinic ","Hwange District "
"34. No. 5 colliery ","Pvt. ","clinic ","Hwange District "
"35. No. 1 Colliery ","Pvt. ","Clinic ","Hwange District "
"36. St. Patricks ","Mission ","Hosp. ","Hwange District "
"1. St. Lukes ","Mission ","Designated District hosp. ","Lupane District "
"2. St. Pauls ","RDC ","Rural hosp. ","Lupane District "
"3. Dongamuzi ","Govt. ","RHC ","Lupane District "
"4. Gomoza ","RDC ","RHC ","Lupane District "
"5. Jotsholo ","Govt. ","RHC ","Lupane District "
"6. Kanyandavu ","Govt. ","Clinic ","Lupane District "
"7. Lupaka  ","Govt. ","RHC ","Lupane District "
"8. Lupane ","Govt. ","RHC ","Lupane District "
"9  Mdlankunzi.  ","RDC ","Clinic ","Lupane District "
"10. Dandanda ","Govt. ","RHC ","Lupane District "
"11. Gwayi ","RDC ","Clinic ","Lupane District "
"12. Fatima ","RDC ","RHC ","Lupane District "
"1. Nkayi ","Govt. ","District hosp. ","Nkayi District "
"2. Dakamela ","Govt. ","Rural hosp. ","Nkayi District "
"3. Mbuma ","Mission ","Rural hosp. ","Nkayi District "
"4. Sivalo ","Govt. ","RHC ","Nkayi District "
"5. Ngwaladi ","Govt. ","RHC ","Nkayi District "
"6. Zenka ","Govt. ","RHC ","Nkayi District "
"7. mateme ","Govt. ","RHC ","Nkayi District "
"8. Gwelutshena ","Govt. ","RHC ","Nkayi District "
"9. Sebhumane ","RDC ","RHC ","Nkayi District "
"10. Nesinwe ","RDC ","RHC ","Nkayi District "
"11. Fanisoni ","RDC ","RHC ","Nkayi District "
"12. Zinyangeni  ","RDC ","RHC ","Nkayi District "
"13. Sikhobokobo ","RDC ","RHC ","Nkayi District "
"14. Sesemba ","RDC ","RHC ","Nkayi District "
"15. Guwe  ","RDC ","","Nkayi District "
"1. Nyamandlovu ","Govt. ","District Hosp. ","Umguza District "
"2. Clay Products ","Pvt. ","Clinic ","Umguza District "
"3. Fair Bridge (ZRP) ","Govt. ","Clinic ","Umguza District "
"4. Fingo ","RDC ","Clinic ","Umguza District "
"5. Igusi ","Govt. ","Clinic ","Umguza District "
"6. Mbembesi ","Govt. ","Clinic ","Umguza District "
"7. Ntabazinduna ","RDC ","Clinic ","Umguza District "
"8. St. James ","Mission ","Clinic ","Umguza District "
"9. T.G. Silundika (Edu.) ","Govt. ","Clinic ","Umguza District "
"10. UNICEM   ","Industry ","Clinic ","Umguza District "
"11. Imbizo Camp ","Govt. ","Clinic ","Umguza District "
"12. Khami Prisons ","Govt. ","Clinic ","Umguza District "
"13. One Ambulance Co.  ","Army ","Hosp. ","Umguza District "
"14. Grey prison ","Govt. ","Clinic ","Umguza District "
"15. Ntabazinduna Training ","","Clinic Govt. ","Umguza District "
"Depot (ZPS) ","","","Umguza District "
"16. Ntabazindunna Training ","","Clinic Govt. ","Umguza District "
"Depot (ZRP ","","","Umguza District "
"17. Umuntu ","Govt. ","RHC ","Umguza District "
"1. Tsholotsho ","Govt. ","District hosp. ","Tsholotsho District "
"2. Tsholotsho Urban ","RDC ","Clinic ","Tsholotsho District "
"3. Nkunzi ","RDC ","RHC ","Tsholotsho District "
"4. Bubude ","RDC ","RHC ","Tsholotsho District "
"5. Makaza ","Govt. ","RHC ","Tsholotsho District "
"6. Madlangombe ","RDC ","RHC ","Tsholotsho District "
"7. Phimula ","Mission ","Rural hosp. ","Tsholotsho District "
"8. Sodaka ","Govt. ","RHC ","Tsholotsho District "
"9. Mtshayeli ","Govt. ","RHC ","Tsholotsho District "
"10. Mlagisa ","Govt. ","RHC ","Tsholotsho District "
"11. Sipepa ","Govt. ","Rural hosp. ","Tsholotsho District "
"12. Jimila ","RDC. ","RHC ","Tsholotsho District "
"13. Mpanedziba ","RDC ","RHC ","Tsholotsho District "
"14. Kapane ","RDC ","RHC ","Tsholotsho District "
"15. Siketnte ","RDC ","RHC ","Tsholotsho District "
"16. Dlamini ","RDC ","RHC ","Tsholotsho District "
"1. Beitbridge ","Govt. ","District Hosp. ","           Beitbridge District "
"2. Dulilavadzimu ","RDC ","Clinic ","           Beitbridge District "
"3. Tongwe ","RDC ","Clinic ","           Beitbridge District "
"4. Chisvingo ","RDC ","Clinic ","           Beitbridge District "
"5. Shashi ","RDC ","clinic ","           Beitbridge District "
"6. Zezani ","RDC ","Clinic ","           Beitbridge District "
"7. Masera ","RDC ","Clinic ","           Beitbridge District "
"8. Chikwarakwara ","Govt. ","RHC ","           Beitbridge District "
"9. Chituripasi ","","","           Beitbridge District "
"10. Shabwe ","Govt. ","RHC ","           Beitbridge District "
"11. Dite ","Govt. ","RHC ","           Beitbridge District "
"12. Majini ","Govt. ","RHC ","           Beitbridge District "
"13. Nottingham ","Govt. ","RHC ","           Beitbridge District "
"14. Makakabule ","RDC ","Clinic ","           Beitbridge District "
"15. ZRP  ","Govt. ","Clinic ","           Beitbridge District "
"16. ZNA ","Govt. ","Clinic ","           Beitbridge District "
"17. NRZ ","Pvt. ","Clinic ","           Beitbridge District "
"18. Prison ","Govt. ","clinic ","           Beitbridge District "
"19. Swereki ","RDC ","Clinic ","           Beitbridge District "
"20. Chamunangana ","RDC ","Clinic ","           Beitbridge District "
"21. Mazunga ","RDc ","Clinic ","           Beitbridge District "
"1. Lady Barring ","Govt. ","Rural hosp. ","Bulilima District "
"2. Lady stanely ","Govt. ","Rural hosp. ","Bulilima District "
"3. Sikhathini ","RDC ","RHC ","Bulilima District "
"4. Madlambu ","RDC ","RHC ","Bulilima District "
"5. Dombodema ","RDC ","RHC ","Bulilima District "
"6. Ndiweni ","RDC ","Clinic ","Bulilima District "
"7. Solusi ","Mission ","","Bulilima District "
"8. Masendu ","RDC ","Clinic ","Bulilima District "
"9. Matjinge ","Govt. ","Clinic ","Bulilima District "
"10. Village 13 ","Govt. ","RHC ","Bulilima District "
"11. Huwana ","Govt. ","RHC ","Bulilima District "
"12. Makulela ","Govt. ","RHC ","Bulilima District "
"13. Nswazi ","Govt. ","RHC ","Bulilima District "
"14. Bhezu ","RDC ","Clinic ","Bulilima District "
"15. Masendu ","RDC ","Clinic ","Bulilima District "
"1. Plumtree ","Govt. ","District hosp ","Mangwe District "
"2. St Annes ","Mission ","Rural hosp ","Mangwe District "
"3. Embakwe ","Mission ","Rural hosp ","Mangwe District "
"4. Dingamuzi ","RDC ","Clinic ","Mangwe District "
"5. Tshitshi ","RDc ","Clinic ","Mangwe District "
"6. Madabe ","RDC ","Clinic ","Mangwe District "
"7. Marula ","RDC ","Clinic ","Mangwe District "
"8. Mayobodo ","Govt. ","Clinic ","Mangwe District "
"9. Mambale ","RDC ","Clinic ","Mangwe District "
"10. Epandeni ","Mission ","clinic ","Mangwe District "
"11. Ingwizi ","Govt. ","clinic ","Mangwe District "
"12. Bango ","Govt. ","Clinic ","Mangwe District "
"13. Sunzukwi ","Govt. ","Clinic ","Mangwe District "
"1. Gwanda ","Govt. ","Provincial Hosp. ","Gwanda District "
"2. Manama ","Mission ","Rural Hosp. ","Gwanda District "
"3. Mtshabezi ","Mission ","Rural Hsp. ","Gwanda District "
"4. Mzimuni ","RDC ","Clinic ","Gwanda District "
"5. Kafusi ","RDC ","Clinic ","Gwanda District "
"6. Buvuma ","RDC ","Clinic ","Gwanda District "
"7. Ntalale ","RDC ","Clinic ","Gwanda District "
"8. Freda ","Mine ","Clinic ","Gwanda District "
"9. Vumbachikwe ","Mine ","Clinic ","Gwanda District "
"10. Blanket ","Mine ","clinic ","Gwanda District "
"11. Jessie ","Mine ","clinic ","Gwanda District "
"12. West Nicholson ","Pvt. ","Clinic ","Gwanda District "
"13. Nhawali ","Govt. ","Clinic ","Gwanda District "
"14. Simbumbumbu ","Govt ","RHC ","Gwanda District "
"15. Gungwe ","Govt. ","RHC ","Gwanda District "
"16. Makwe ","Govt. ","RHC ","Gwanda District "
"17. Sengezane ","RDC ","Clinic ","Gwanda District "
"18. Mashaba ","RDC ","Clinic ","Gwanda District "
"19. Selonga ","RDC ","Clinic ","Gwanda District "
"20. Phakama ","RDC ","Clinic ","Gwanda District "
"21. ZRP ","Govt. ","Clinic ","Gwanda District "
"22. ZNFPC ","Pvt. ","Clinic ","Gwanda District "
"23. J. Ziyaphapha ","Govt. ","Clinic ","Gwanda District "
"24. Prison  ","Govt. ","clinic ","Gwanda District "
"25. Stanmore ","Govt. ","Clinic ","Gwanda District "
"26. Collen Bawn ","Mine ","Clinic ","Gwanda District "
"17. Sitezi ","RDC ","clinic ","Gwanda District "
"18. Dwala ","Govt. ","Clinic ","Gwanda District "
"19. Lushongwe ","Govt. ","Clinic ","Gwanda District "
"20. J.M. Nkomo ","Govt. ","Clinic ","Gwanda District "
"1. Maphisa ","Govt. ","District hosp. ","Kezi Matopo District "
"2. Kezi ","Govt. ","Rural Hosp. ","Kezi Matopo District "
"3. Matopo ","Govt. ","Rural Hosp ","Kezi Matopo District "
"4. Tshelanyemba ","Mission ","Rural Hosp. ","Kezi Matopo District "
"5. St. Joseph ","Mission ","Rural Hosp. ","Kezi Matopo District "
"6. Matopo ","Mission ","Clinic ","Kezi Matopo District "
"7. Reps  (Educ.) ","Govt. ","Clinic ","Kezi Matopo District "
"8. Homestead ","Govt. ","RHC ","Kezi Matopo District "
"9. Sankonjana ","Govt. ","RHC ","Kezi Matopo District "
"10. Beula-Seula ","Govt. ","RHC ","Kezi Matopo District "
"11. Natasi ","Govt. ","RHC ","Kezi Matopo District "
"12. Mbembeswana ","RDC ","Clinic ","Kezi Matopo District "
"13. Bazha ","Mission ","Clinic ","Kezi Matopo District "
"14. Gulathi ","Govt. ","RHC ","Kezi Matopo District "
"15. Ekukhanyeni ","Govt. ","RHC ","Kezi Matopo District "
"16. Hlekweni ","RDC ","Clinic ","Kezi Matopo District "
"17. Matopo  ","RDC ","Clinic ","Kezi Matopo District "
"1. Filabusi ","Govt. ","District hosp. ","Insiza District "
"2. Avoca ","Govt. ","Rural Hosp. ","Insiza District "
"3. Shangani ","Govt. ","Rural hosp ","Insiza District "
"4. Wanezi ","Mission ","Rural hosp. ","Insiza District "
"5. Gwatemba ","Govt. ","RHC ","Insiza District "
"6. Singwango ","RDC ","Clinic ","Insiza District "
"7. Epoch ","Mine ","Clinic ","Insiza District "
"8. Shangani ","Mine ","Clinic ","Insiza District "
"9. Sanale ","Govt. ","RHC ","Insiza District "
"10. Mabuze ","Govt. ","RHC ","Insiza District "
"11. Nyamime ","Govt. ","RHC ","Insiza District "
"12. Insiza ","Govt. ","RHc ","Insiza District "
"13. Nkankezi ","Govt. ","RHC ","Insiza District "
"14. Zhulube ","RDC ","Clinic ","Insiza District "
"15. Singwambizi ","RDC ","Clinic ","Insiza District "
"16. Kombo ","Govt. ","Clinic ","Insiza District "
"17. Mpalawani ","Govt. ","Clinic ","Insiza District "
"18.Montrose Clinic ","Govt. ","","Insiza District "
"19. Saphola ","Govt. ","Clinic ","Insiza District "
"1. Esigodini ","Govt. ","District Hosp. ","Umzingwane District "
"2. Nhlangano ","RDC ","Clinic ","Umzingwane District "
"3. Habane ","RDC ","Clinic ","Umzingwane District "
"4. How Mine ","Mine ","Clinic ","Umzingwane District "
"5. Mbalabala (ZNA) ","Govt. ","Clinic ","Umzingwane District "
"6. Kumbudzi  ","Govt. ","RHC ","Umzingwane District "
"7. Mbizingwe ","Govt. ","RHC ","Umzingwane District "
"8. Irisvale ","Govt. ","Clinic ","Umzingwane District "
"9. Mawabeni ","RDC ","Clinic ","Umzingwane District "
"10. Esibomvu ","RDC ","Clinic ","Umzingwane District "
"11. Mhlamhlandlela ","RDC ","Clinic ","Umzingwane District "
"12. Nswazi ","RDC ","Clinic ","Umzingwane District "
"13. Ntshamate ","RDC ","Clinic ","Umzingwane District "
"14. Mpisini ","RDC ","Clinic ","Umzingwane District "
"15. Zimbili ","Govt. ","Clinic ","Umzingwane District "
"16. Ntabenende ","Govt. ","Clinic. ","Umzingwane District "
"1. Mvuma ","Govt. ","District Hosp. ","Chirumanzu District "
"2. St. Theresa ","Mission ","Rural hosp. ","Chirumanzu District "
"3. Driefontein ","Mission ","Rural hosp. ","Chirumanzu District "
"4. Muvonde ","Mission. ","Rural hosp. ","Chirumanzu District "
"5. Chaka ","Govt. ","RHC ","Chirumanzu District "
"6. Chengwena ","RDC ","RHC ","Chirumanzu District "
"7. Chizhou ","Govt. ","RHC ","Chirumanzu District "
"8. Denhere ","RDC ","RHC ","Chirumanzu District "
"9. Guramatunhu ","RDC ","RHC ","Chirumanzu District "
"10. Hama ","RDC ","RHC ","Chirumanzu District "
"11. Holy Cross ","Mission ","RHC ","Chirumanzu District "
"12. Lalapanzi ","RDC ","RHC ","Chirumanzu District "
"13. Lybwood ","Govt. ","RHC ","Chirumanzu District "
"14. Nyautonge ","Govt. ","RHC ","Chirumanzu District "
"15. Siyahokwe ","RDC ","RHC ","Chirumanzu District "
"16. Nyikavanhu ","Govt ","RHC ","Chirumanzu District "
"17. Athens  ","Pvt. ","Clinic ","Chirumanzu District "
"18. Mtao Forest ","Pvt. ","Clinic ","Chirumanzu District "
"1. Gokwe South ","Govt. ","District hosp. ","Gokwe District "
"2. Chemahororo ","RDC ","RHC ","Gokwe District "
"3. Cheziya ","RDC ","Clinic ","Gokwe District "
"4. Chireya ","Mission ","Rural hosp. ","Gokwe District "
"5. Chitave ","RDC ","Clinic ","Gokwe District "
"6. Denda ","Mission ","Clinic ","Gokwe District "
"7. Gawa ","RDC ","Clinic ","Gokwe District "
"8. Goredema ","RDC ","Clinic ","Gokwe District "
"9. Gumunyu ","RDC ","Clinic ","Gokwe District "
"10. Gwanyika ","Govt. ","Clinic ","Gokwe District "
"11. Huchu ","RDC ","RHC ","Gokwe District "
"12. Jiri ","RDC ","RHC ","Gokwe District "
"13. Kadzidirire ","Govt. ","RHC ","Gokwe District "
"14. Kahobo ","RDC ","RHC ","Gokwe District "
"15. Kana ","Mission ","Rural hosp. ","Gokwe District "
"16. Krima ","RDC ","RHC ","Gokwe District "
"17. Kuwirirana ","RDC ","RHC ","Gokwe District "
"18. Madzivazvido ","Govt. ","RHC ","Gokwe District "
"19. Mangidhi ","RDC ","RHC ","Gokwe District "
"20. Manoti ","RDC ","RHC ","Gokwe District "
"21. Manyoni ","Mission ","RHC ","Gokwe District "
"22. Mashame ","RDC ","RHC ","Gokwe District "
"23. Masuka ","RDc ","RHC ","Gokwe District "
"24. Mateme ","Mission ","RHC ","Gokwe District "
"25. Mateta ","Govt. ","RHC ","Gokwe District "
"26. Mkoba ","RDC ","RHC ","Gokwe District "
"27. Msala ","RDC ","RHC ","Gokwe District "
"28. Mtange ","Mission ","RHC ","Gokwe District "
"29. Mtora ","Mission ","Rural hosp. ","Gokwe District "
"30. Musadzi ","Govt. ","RHC ","Gokwe District "
"31. Musita ","RDC ","RHC ","Gokwe District "
"32. Nenyunga ","Mission ","RHC ","Gokwe District "
"33. Norah ","Govt. ","RHC ","Gokwe District "
"34.Nyamhunga RHC ","Govt. ","","Gokwe District "
"35. Nyanje ","RDC ","RHC ","Gokwe District "
"36. Rubatsiro ","RDC ","RHC ","Gokwe District "
"37. Sai ","RDC ","RHC ","Gokwe District "
"38. Sasane ","Mission ","RHC ","Gokwe District "
"39. Simshembo ","Govt. ","RHC ","Gokwe District "
"40. Svisvi ","RDc ","RHC ","Gokwe District "
"41. Tanana ","RDC ","RHC ","Gokwe District "
"42. Tongwe ","RDC ","RHC ","Gokwe District "
"43. Tsungai ","Govt. ","RHC ","Gokwe District "
"44. Vumba ","RDC ","RHC ","Gokwe District "
"45. Zhamba ","RDC ","RHc ","Gokwe District "
"46. Zhomba ","Govt. ","RHC ","Gokwe District "
"1. Gweru ","Govt. ","Provincial Hosp. ","Gweru District "
"2.Chiundura RHC ","RDC ","","Gweru District "
"3. Gunde ","Govt. ","RHC ","Gweru District "
"4. Kabanga ","RDC ","Clinic ","Gweru District "
"5. Lower Gweru ","Mission ","Clinic ","Gweru District "
"6. Maboleni ","RDC ","RHC ","Gweru District "
"7. Madhikane ","RDC ","RHC ","Gweru District "
"8. Magwande  ","Govt. ","RHC ","Gweru District "
"9. Makepesi ","RDC ","RHC ","Gweru District "
"10. Masvori ","Govt. ","Clinic ","Gweru District "
"11. Nkululeko ","Govt. ","Clinic ","Gweru District "
"12. Ntabahlope ","RDC ","RHC ","Gweru District "
"13. Nyama ","RDC ","RHC ","Gweru District "
"14. St. Patricks ","Mission ","Clinic ","Gweru District "
"15. Somabhula ","RDC ","RHC ","Gweru District "
"16. Vungu ","RDC ","RHC ","Gweru District "
"17. Child Welfare ","Municipality  ","Clinic ","Gweru District "
"18. Totonga ","‘’             ‘’ ","Clinic ","Gweru District "
"19. Infectious Disease ","‘’             ‘’ ","Hospital ","Gweru District "
"20. Ward 1 ","‘’              ‘’ ","Clinic ","Gweru District "
"21. Mkoba 1 ","‘’              ‘’ ","Clinic ","Gweru District "
"22. Mkoba ","‘’              ‘’ ","Polyclinic ","Gweru District "
"23. Ivene ","‘’              ‘’ ","Clinic ","Gweru District "
"24.  Monomutapa ","‘’              ‘’ ","Clinic ","Gweru District "
"25. Fletcher High School ","Govt. ","Clinic ","Gweru District "
"26. Mkoba Teachers ","","Clinic Govt. ","Gweru District "
"College ","","","Gweru District "
"27. ZRP ","Govt. ","Clinic ","Gweru District "
"28. Whawha ","Govt. ","Clinic ","Gweru District "
"29. Connemara ","Govt. ","Clinic ","Gweru District "
"30. MSU ","Govt. ","Clinic ","Gweru District "
"31. Senga ","Municipality ","Clinic ","Gweru District "
"32. Bata ","Pvt. ","Clinic ","Gweru District "
"33. CSC ","Pvt. ","Clinic ","Gweru District "
"34. Dabuka ","Pvt. ","Clinic ","Gweru District "
"35. Dairy Board ","Pvt. ","Clinic ","Gweru District "
"36. Kariba  ","Pvt. ","Clinic ","Gweru District "
"37. Railways ","Pvt. ","Clinic ","Gweru District "
"38. Zim. Alloys ","Pvt. ","Clinic ","Gweru District "
"39. Zimbabwe Castings ","Pvt. ","Clinic ","Gweru District "
"40. Zimglass ","Pvt. ","Clinic ","Gweru District "
"1. Kwekwe ","Govt. ","District Hosp. ","Kwekwe District "
"2. Dambridge ","RDC ","Clinic ","Kwekwe District "
"3. Denhere ","Govt. ","Clinic ","Kwekwe District "
"4. Dinjane ","RDC ","RHC ","Kwekwe District "
"5. Donsa ","Govt. ","RHC ","Kwekwe District "
"6. Jackson ","RDC ","RHC ","Kwekwe District "
"7. Malisa Josepha ","RDC ","RHC ","Kwekwe District "
"8. Malisa Zhombe ","RDC ","RHC ","Kwekwe District "
"9. Mayoca ","RDC ","RHC ","Kwekwe District "
"10. Mazebe ","Govt. ","RHC ","Kwekwe District "
"11. Mlezu ","Govt. ","Clinic ","Kwekwe District "
"12. Mpinda ","RDC ","Clinic ","Kwekwe District "
"13. Msilahobe ","Govt. ","RHC ","Kwekwe District "
"14. Ntabane ","RDC ","Clinic ","Kwekwe District "
"15. Samambwa ","RDC ","Clinic ","Kwekwe District "
"16. Sengwazi ","RDC ","Clinic ","Kwekwe District "
"17. Sherwood ","RDC ","Clinic ","Kwekwe District "
"18. Sidakeni ","RDC ","Clinic ","Kwekwe District "
"19. Silobela ","Govt. ","Rural hosp. ","Kwekwe District "
"20. Simana ","RDC ","Clinic ","Kwekwe District "
"21. Zhombe ","Mission ","Rural Hosp. ","Kwekwe District "
"22. Torwood ","Pvt. ","Hospital ","Kwekwe District "
"23.  Mazebe ","Govt. ","RHC ","Kwekwe District "
"24. Nyoni ","Govt. ","RHC ","Kwekwe District "
"25. Mlezu ","Govt. ","RHC ","Kwekwe District "
"26. Donjuan ","RDC ","Clinic ","Kwekwe District "
"27.  Gomola ","RDC ","RHC ","Kwekwe District "
"28. Rutendo ","Municipality ","Clinic ","Kwekwe District "
"28. Sebakwe ","Municipality ","Clinic ","Kwekwe District "
"29. Amaveni ","Municipality ","Clinic ","Kwekwe District "
"30. Mbiza A ","“             ‘’ ","Clinic ","Kwekwe District "
"31. Mbizo B ","‘’             ‘’ ","Clinic ","Kwekwe District "
"32.  Al Davies ","‘’             ‘’    ","Clinic ","Kwekwe District "
"33. Commoner ","Pvt. ","Clinic ","Kwekwe District "
"34. Gaika ","Pvt. ","Clinic ","Kwekwe District "
"35. Globe and Phoenix ","Pvt. ","Clinic ","Kwekwe District "
"36. Jena Mines ","Pvt. ","Clinic ","Kwekwe District "
"37. Lancashire ","Pvt. ","Clinic ","Kwekwe District "
"38. Medical Centre ","Pvt. ","Clinic ","Kwekwe District "
"39. Redcliff ","Pvt. ","Clinic ","Kwekwe District "
"40. Rio Tinto  ","Pvt. ","Clinic ","Kwekwe District "
"41.Sables Clinic ","Pvt. ","","Kwekwe District "
"42. Tiger Reef ","Pvt. ","Clinic ","Kwekwe District "
"43. Munyati ","Pvt. ","Clinic ","Kwekwe District "
"44. Torsteel ","Pvt. ","Clinic ","Kwekwe District "
"45. Zimasco ","Pvt. ","Clinic ","Kwekwe District "
"46. Zim. Wire  & Rods ","Pvt. ","","Kwekwe District "
"Zisco Works ","Pvt. ","Clinic ","Kwekwe District "
"1. Mberengwa ","Govt. ","Rural Hosp. ","Mberengwa District "
"2. Bonda ","RDC ","RHC ","Mberengwa District "
"3. Chabwira ","RDC ","RHC ","Mberengwa District "
"4. Chidembeko ","Govt. ","RHC ","Mberengwa District "
"5. Chingezi ","RDC ","RHC ","Mberengwa District "
"6. Gwarava ","RDC ","RHC ","Mberengwa District "
"7. Imbahuru ","RDC ","RHC ","Mberengwa District "
"8. Ingezi ","RDC ","RHC ","Mberengwa District "
"9. Jeka ","Govt. ","Rural hosp. ","Mberengwa District "
"10. Kotokwe ","RDC ","RHC ","Mberengwa District "
"11. Makuwerere ","RDC ","RHC ","Mberengwa District "
"12. Masase ","Mission ","Rural Hosp. ","Mberengwa District "
"13. Mataga ","Govt. ","RHC ","Mberengwa District "
"14. Mavorowondo ","Govt. ","RHC ","Mberengwa District "
"15. Maziofa ","RDC ","RHC ","Mberengwa District "
"16. Mnene ","Mission ","Designated Dist. Hosp. ","Mberengwa District "
"17. Mpongane ","RDC ","RHC ","Mberengwa District "
"18. Mposi ","RDC ","RHC ","Mberengwa District "
"19. Muketi ","RDC ","RHC ","Mberengwa District "
"20. Murongwe ","Govt. ","RHC ","Mberengwa District "
"21. Musume ","Mission ","Rural Hosp.  ","Mberengwa District "
"22. Mwanezi ","Govt. ","RHC ","Mberengwa District "
"23. Negobe ","RDC ","RHC ","Mberengwa District "
"24. Ngungubane ","RDC ","RHC ","Mberengwa District "
"25. Svita ","RDC ","RHC ","Mberengwa District "
"26. Vurasha ","Govt. ","RHC ","Mberengwa District "
"27. Buchwa ","Mine ","Clinic ","Mberengwa District "
"28. C Mine ","Mine ","Clinic ","Mberengwa District "
"29. Sandawana ","Mine ","Clinic ","Mberengwa District "
"1. Shurugwi ","Govt. ","District Hosp. ","Shurugwi District "
"2. Banga ","Govt. ","RHC ","Shurugwi District "
"3. Chikato ","Govt. ","RHC ","Shurugwi District "
"4. Chikwingwizha ","Mission ","RHC ","Shurugwi District "
"5. Chitora ","RDC ","RHC ","Shurugwi District "
"6. Gundura ","RDC ","RHC ","Shurugwi District "
"7. Gwanza ","Govt. ","Clinic ","Shurugwi District "
"8. Hanke ","Mission ","Clinic ","Shurugwi District "
"9. Jobolinko ","RDC ","RHC ","Shurugwi District "
"10. Marishongwe ","Govt. ","RHC ","Shurugwi District "
"11. Mazibisa ","Govt. ","RHC ","Shurugwi District "
"12. Nhema ","RDC ","RHC ","Shurugwi District "
"13. Pakame ","Mission ","Clinic ","Shurugwi District "
"14. Rockford ","RDC ","Clinic ","Shurugwi District "
"15. Rusike ","Govt. ","Clinic ","Shurugwi District "
"16. Tana ","Govt. ","RHC ","Shurugwi District "
"17. Tokwe ","Govt. ","RHC ","Shurugwi District "
"18. Tongogara ","RDC ","RHC ","Shurugwi District "
"19. Utete ","RDC ","Clinic ","Shurugwi District "
"20. Zvamabande ","Govt. ","RHC ","Shurugwi District "
"21. Zvarota ","Govt. ","RHC ","Shurugwi District "
"1. Zvishavane ","Govt. ","District Hosp. ","Zvishavane District "
"2. Chenhunguru ","Govt. ","RHC ","Zvishavane District "
"3. Gudo ","RDC ","RHC ","Zvishavane District "
"4. Lundi ","Govt. ","Rural Hosp. ","Zvishavane District "
"5. Mabasa ","RDC ","RHC ","Zvishavane District "
"6. Maketo ","Govt. ","RHC ","Zvishavane District "
"7. Mapanzure ","RDC ","RHC ","Zvishavane District "
"8. Matenda ","Govt. ","RHC ","Zvishavane District "
"9. Murowa ","RDC ","RHC ","Zvishavane District "
"10. Mutambi ","RDC ","RHC ","Zvishavane District "
"11. Tokwe ","RDC ","RHC ","Zvishavane District "
"12. Vungwi ","RDC ","RHC ","Zvishavane District "
"13. Vukuzenzele ","Govt. ","RHC ","Zvishavane District "
"14. Dayadaya ","Pvt. ","Clinic ","Zvishavane District "
"15. Kandono ","Pvt. ","Clinic ","Zvishavane District "
"16 Maglas ","Pvt. ","Clinic ","Zvishavane District "
"17.Sabi Mine ","Pvt. ","Clinic ","Zvishavane District "
"1. Parirenyatwa ","Govt. ","Central Hosp. ","Central Hospitals "
"2. Harare ","Govt. ","Central Hosp. ","Central Hospitals "
"3. Chitungwiza ","Govt. ","Central Hosp. ","Central Hospitals "
"4. UBH ","Govt. ","Central Hosp. ","Central Hospitals "
"5. Mpilo ","Govt. ","Central Hosp. ","Central Hospitals "
"6. Ingutsheni ","Govt. ","Central hosp. ","Central Hospitals "
"1. Beatrice Road ","Municipality ","Hospital ","Harare City "
"2. Wilkins ","‘’         ‘’ ","Hospital ","Harare City "
"3. Borrowdale ","‘’          ‘’   ","Clinic ","Harare City "
"4. Hatcliffe ","‘’           ‘’ ","Polyclinic ","Harare City "
"5. Hatcliffe ","‘’           ‘’ ","Maternity Polyclinic ","Harare City "
"6. Highlands ","‘’           ‘’ ","Family Health Service ","Harare City "
"7. Mt. Pleasant ","‘’           ‘’ ","Clinic ","Harare City "
"8. Eastlea ","‘’          ‘’ ","Clinic ","Harare City "
"9. Greendale ","‘’          ‘’ ","Clinic ","Harare City "
"10. Highlands ","‘’          ‘’ ","Polyclinic ","Harare City "
"11. Mabvuku ","‘’         ‘’ ","Polyclinic ","Harare City "
"12. Mabvuku ","‘’         ‘’ ","Satellite ","Harare City "
"13. Mabvuku ","‘’          ‘’ ","Maternity Polyclinic ","Harare City "
"14. Tafara ","‘’           ‘’  ","Clinic ","Harare City "
"15. Arcadia ","‘’            ‘’ ","Clinic ","Harare City "
"16. Bank Street ","‘’            ‘’ ","Clinic ","Harare City "
"17. Breaside ","Municipality ","Clinic ","Harare City "
"18. Hatfield ","‘’         ‘’ ","Clinic ","Harare City "
"19. Queen Elizabeth ","‘’         ‘’ ","Clinic ","Harare City "
"20. Matapi ","‘’         ‘’ ","Clinic ","Harare City "
"21. Mbare ","‘’         ‘’ ","Polyclinic ","Harare City "
"22. Mbare ","‘’         ‘’ ","Clinic ","Harare City "
"23. Sunningdale ","‘’         ‘’ ","Clinic ","Harare City "
"24. Waterfalls ","‘’        ‘’ ","Clinic ","Harare City "
"25. Avondale ","‘’        ‘’ ","Clinic ","Harare City "
"26. Belvedere ","‘’        ‘’ ","Clinic ","Harare City "
"27. Mabelreign ","‘’         ‘’ ","Clinic ","Harare City "
"28. Marlborough ","‘’         ‘’    ","Clinic ","Harare City "
"29. Rujeko ","‘’         ‘’ ","Polyclinic ","Harare City "
"30. Dzivarasekwa ","‘’         ‘’ ","Maternity Polyclinic ","Harare City "
"31. Edith Operman ","‘’         ‘’ ","Maternity Polyclinic ","Harare City "
"32. Genito Urinary Centre ","‘’        ‘’ ","- ","Harare City "
"33. Southerton ","‘’         ‘’ ","Clinic ","Harare City "
"34. Highfield ","‘’         ‘’ ","Polyclinic ","Harare City "
"35. Highfield ","‘’          ‘’ ","Clinic ","Harare City "
"36. Highfield ","‘’        ‘’ ","Maternity Polyclinic ","Harare City "
"37. Rutsanana ","‘’         ‘’ ","Maternity Polyclinic ","Harare City "
"38. Western Triangle ","‘’        ‘’ ","Clinic ","Harare City "
"39. Glen Norah ","‘’        ‘’ ","Clinic ","Harare City "
"40. Glen View ","‘’        ‘’ ","Polyclinic ","Harare City "
"41. Glen View ","‘’         ‘’ ","Clinic ","Harare City "
"42. Glen View ","‘’        ‘’ ","Maternity Polyclinic ","Harare City "
"43.  Budiriro ","‘’         ‘’     ","Polyclinic ","Harare City "
"44. Budidiro ","‘’        ‘’ ","","Harare City "
"45.  Mufakose ","‘’       ‘’ ","Polyclinic ","Harare City "
"46. Mufakose ","‘’       ‘’ ","Clinic ","Harare City "
"47. Mufakose ","‘’       ‘’ ","Maternity Polyclinic ","Harare City "
"48. Warren Park ","‘’       ‘’ ","Polyclinic ","Harare City "
"49.  Kuwadzana ","‘’       ‘’ ","Polyclinic ","Harare City "
"50.  Kuwadzana ","‘’       ‘’ ","Maternity Polyclinic ","Harare City "
"51. Kambuzuma ","‘’       ‘’ ","Maternity Polyclinic ","Harare City "
"52. Kambuzuma ","‘’        ‘’ ","Polyclinic ","Harare City "
"53. Maurice Nyagumbo ","‘’         ‘’ ","Clinic ","Harare City "
"54. St Annes ","Pvt. ","Pvt. Hosp. ","Harare City "
"55. St Giles ","Pvt. ","Pvt. Hosp. ","Harare City "
"56. Baines Ave. ","Pvt. ","Pvt hosp. ","Harare City "
"57. Avenues ","Pvt. ","Hospital ","Harare City "
"58. West End ","Pvt. ","Hosp. ","Harare City "
"59. Surbuban ","Pvt ","Medical Centre ","Harare City "
"60. Arcadia ","Pvt. ","Medical Centre ","Harare City "
"61. High Glen ","Pvt. ","Medical Centre ","Harare City "
"62. Glen Norah  ","Pvt. ","Medical Centre ","Harare City "
"63. Garden City ","Pvt. ","Medical ","Harare City "
"1. Seke North ","Municipality ","Polyclinic ","Chitungwiza Municipality. "
"2. Seke South ","Municipality ","Polyclinic ","Chitungwiza Municipality. "
"3. Zengeza 3 ","Municipality ","Polyclinic ","Chitungwiza Municipality. "
"4. St. Marys ","Municipality ","Polyclinic ","Chitungwiza Municipality. "
"1. Thorngroove ","Municipality ","Hospital ","Bulawayo City "
"2. Dr. Shennan ","‘’        ‘’ ","Clinic ","Bulawayo City "
"3. Princess Margaret Rose ","‘’        ‘’ ","Clinic ","Bulawayo City "
"4. Central ","‘’      ‘’ ","Clinic ","Bulawayo City "
"5. Mzilikazi ","‘’       ‘’ ","Clinic ","Bulawayo City "
"6. Njube ","‘’       ‘’ ","Clinic ","Bulawayo City "
"7. Pelandaba ","‘’        ‘’ ","Clinic ","Bulawayo City "
"8. Pumula ","‘’         ‘’ ","Clinic ","Bulawayo City "
"9. Tshabalala ","‘’         ‘’ ","Clinic ","Bulawayo City "
"10. E.F.watson ","‘’         ‘’ ","Clinic ","Bulawayo City "
"11. Magwegwe ","‘’         ‘’ ","Clinic ","Bulawayo City "
"12. Luveve ","‘’         ‘’ ","Clinic ","Bulawayo City "
"13. Nkulumane ","‘’        ‘’ ","Clinic ","Bulawayo City "
"14. Entumbane ","‘’        ‘’ ","Clinic ","Bulawayo City "
"15. Emakandeni ","‘’       ‘’ ","Clinic ","Bulawayo City "
"16. Nketa ","‘’       ‘’ ","Clinic ","Bulawayo City "
"17. Northern Surbubs ","‘’        ‘’ ","Clinic ","Bulawayo City "
"18. Khami Road ","‘’        ‘’ ","Clinic ","Bulawayo City "
"19. Cowdray Park ","‘’        ‘’ ","Clinic ","Bulawayo City "
"20. Magwegwe ","‘’       ‘’ ","Clinic ","Bulawayo City "
"21. Luveve ","‘’        ‘’ ","Clinic ","Bulawayo City "
"22. Lobengula ","‘’         ‘’ ","Clinic ","Bulawayo City "
"23. Maqhawe ","‘’          ‘’ ","Clinic ","Bulawayo City "
"24. Pumula South ","‘’           ‘’ ","Clinic ","Bulawayo City "
"25. Mata Dei ","Pvt. ","Pvt. Hosp. ","Bulawayo City "
"26. Nketa  ","Pvt. ","Medical Centre ","Bulawayo City "
